wID,versionNum,category,object,trial,TRnum,condition,onset_time,run_num,viewpoint,response,onset
0125171_neurosketch,27,furniture,chair,0,0,-1,0.0,1,30,,0
0125171_neurosketch,27,furniture,chair,0,1,-1,0.0,1,30,,0
0125171_neurosketch,27,furniture,chair,0,2,-1,0.0,1,30,,0
0125171_neurosketch,27,furniture,chair,0,3,-1,0.0,1,30,,0
0125171_neurosketch,27,furniture,chair,0,4,-1,0.0,1,30,,0
0125171_neurosketch,27,furniture,chair,0,5,-1,0.0,1,30,,0
0125171_neurosketch,27,furniture,chair,0,6,-1,0.0,1,30,,0
0125171_neurosketch,27,furniture,chair,0,7,-1,0.0,1,30,,0
0125171_neurosketch,27,furniture,chair,0,8,0,12002.46,1,30,,1
0125171_neurosketch,27,furniture,chair,0,9,0,12002.46,1,30,,0
0125171_neurosketch,27,furniture,chair,0,10,0,12002.46,1,30,,0
0125171_neurosketch,27,furniture,chair,0,11,0,12002.46,1,30,,0
0125171_neurosketch,27,furniture,bench,1,12,0,18001.36,1,14,bench,1
0125171_neurosketch,27,furniture,bench,1,13,0,18001.36,1,14,bench,0
0125171_neurosketch,27,furniture,bench,1,14,0,18001.36,1,14,bench,0
0125171_neurosketch,27,furniture,bench,1,15,0,18001.36,1,14,bench,0
0125171_neurosketch,27,furniture,bed,2,16,1,24000.64,1,38,bed,1
0125171_neurosketch,27,furniture,bed,2,17,1,24000.64,1,38,bed,0
0125171_neurosketch,27,furniture,bed,2,18,1,24000.64,1,38,bed,0
0125171_neurosketch,27,furniture,table,3,19,1,28500.99,1,24,table,1
0125171_neurosketch,27,furniture,table,3,20,1,28500.99,1,24,table,0
0125171_neurosketch,27,furniture,table,3,21,1,28500.99,1,24,table,0
0125171_neurosketch,27,furniture,bed,4,22,1,33001.76,1,30,,1
0125171_neurosketch,27,furniture,bed,4,23,1,33001.76,1,30,,0
0125171_neurosketch,27,furniture,chair,5,24,0,36000.9,1,27,chair,1
0125171_neurosketch,27,furniture,chair,5,25,0,36000.9,1,27,chair,0
0125171_neurosketch,27,furniture,table,6,26,1,39001.01,1,35,table,1
0125171_neurosketch,27,furniture,table,6,27,1,39001.01,1,35,table,0
0125171_neurosketch,27,furniture,table,6,28,1,39001.01,1,35,table,0
0125171_neurosketch,27,furniture,bench,7,29,0,43502.2,1,38,bench,1
0125171_neurosketch,27,furniture,bench,7,30,0,43502.2,1,38,bench,0
0125171_neurosketch,27,furniture,chair,8,31,0,46501.27,1,19,chair,1
0125171_neurosketch,27,furniture,chair,8,32,0,46501.27,1,19,chair,0
0125171_neurosketch,27,furniture,chair,8,33,0,46501.27,1,19,chair,0
0125171_neurosketch,27,furniture,chair,8,34,0,46501.27,1,19,chair,0
0125171_neurosketch,27,2,bench,9,35,0,52501.34,1,35,bench,1
0125171_neurosketch,27,2,bench,9,36,0,52501.34,1,35,bench,0
0125171_neurosketch,27,2,bench,9,37,0,52501.34,1,35,bench,0
0125171_neurosketch,27,2,bench,9,38,0,52501.34,1,35,bench,0
0125171_neurosketch,27,furniture,bed,10,39,1,58502.11,1,21,,1
0125171_neurosketch,27,furniture,bed,10,40,1,58502.11,1,21,,0
0125171_neurosketch,27,furniture,bed,10,41,1,58502.11,1,21,,0
0125171_neurosketch,27,furniture,table,11,42,1,63002.36,1,13,table,1
0125171_neurosketch,27,furniture,table,11,43,1,63002.36,1,13,table,0
0125171_neurosketch,27,furniture,table,11,44,1,63002.36,1,13,table,0
0125171_neurosketch,27,furniture,table,11,45,1,63002.36,1,13,table,0
0125171_neurosketch,27,furniture,bench,12,46,0,69000.87,1,27,bench,1
0125171_neurosketch,27,furniture,bench,12,47,0,69000.87,1,27,bench,0
0125171_neurosketch,27,furniture,bench,12,48,0,69000.87,1,27,bench,0
0125171_neurosketch,27,furniture,bench,12,49,0,69000.87,1,27,bench,0
0125171_neurosketch,27,furniture,chair,13,50,0,75000.61,1,29,chair,1
0125171_neurosketch,27,furniture,chair,13,51,0,75000.61,1,29,chair,0
0125171_neurosketch,27,furniture,chair,13,52,0,75000.61,1,29,chair,0
0125171_neurosketch,27,furniture,table,14,53,1,79502.49,1,23,table,1
0125171_neurosketch,27,furniture,table,14,54,1,79502.49,1,23,table,0
0125171_neurosketch,27,furniture,bed,15,55,1,82501.54,1,7,table,1
0125171_neurosketch,27,furniture,bed,15,56,1,82501.54,1,7,table,0
0125171_neurosketch,27,furniture,bed,15,57,1,82501.54,1,7,table,0
0125171_neurosketch,27,furniture,table,16,58,1,87001.85,1,2,table,1
0125171_neurosketch,27,furniture,table,16,59,1,87001.85,1,2,table,0
0125171_neurosketch,27,furniture,table,16,60,1,87001.85,1,2,table,0
0125171_neurosketch,27,furniture,bench,17,61,0,91501.37,1,24,bench,1
0125171_neurosketch,27,furniture,bench,17,62,0,91501.37,1,24,bench,0
0125171_neurosketch,27,furniture,bed,18,63,1,94501.59,1,32,bed,1
0125171_neurosketch,27,furniture,bed,18,64,1,94501.59,1,32,bed,0
0125171_neurosketch,27,furniture,bed,18,65,1,94501.59,1,32,bed,0
0125171_neurosketch,27,furniture,bed,18,66,1,94501.59,1,32,bed,0
0125171_neurosketch,27,2,chair,19,67,0,100501.43,1,36,chair,1
0125171_neurosketch,27,2,chair,19,68,0,100501.43,1,36,chair,0
0125171_neurosketch,27,2,chair,19,69,0,100501.43,1,36,chair,0
0125171_neurosketch,27,furniture,bed,20,70,1,105001.7,1,31,bed,1
0125171_neurosketch,27,furniture,bed,20,71,1,105001.7,1,31,bed,0
0125171_neurosketch,27,furniture,chair,21,72,0,108001.58,1,37,chair,1
0125171_neurosketch,27,furniture,chair,21,73,0,108001.58,1,37,chair,0
0125171_neurosketch,27,furniture,chair,21,74,0,108001.58,1,37,chair,0
0125171_neurosketch,27,furniture,bench,22,75,0,112501.68,1,39,bench,1
0125171_neurosketch,27,furniture,bench,22,76,0,112501.68,1,39,bench,0
0125171_neurosketch,27,furniture,table,23,77,1,115501.71,1,29,table,1
0125171_neurosketch,27,furniture,table,23,78,1,115501.71,1,29,table,0
0125171_neurosketch,27,furniture,table,23,79,1,115501.71,1,29,table,0
0125171_neurosketch,27,furniture,bench,24,80,0,120002.06,1,2,bench,1
0125171_neurosketch,27,furniture,bench,24,81,0,120002.06,1,2,bench,0
0125171_neurosketch,27,furniture,chair,25,82,0,123003.57,1,13,chair,1
0125171_neurosketch,27,furniture,chair,25,83,0,123003.57,1,13,chair,0
0125171_neurosketch,27,furniture,chair,25,84,0,123003.57,1,13,chair,0
0125171_neurosketch,27,furniture,table,26,85,1,127500.64,1,28,table,1
0125171_neurosketch,27,furniture,table,26,86,1,127500.64,1,28,table,0
0125171_neurosketch,27,furniture,bed,27,87,1,130502.49,1,24,bed,1
0125171_neurosketch,27,furniture,bed,27,88,1,130502.49,1,24,bed,0
0125171_neurosketch,27,furniture,bed,27,89,1,130502.49,1,24,bed,0
0125171_neurosketch,27,furniture,table,28,90,1,135000.67,1,15,table,1
0125171_neurosketch,27,furniture,table,28,91,1,135000.67,1,15,table,0
0125171_neurosketch,27,furniture,table,28,92,1,135000.67,1,15,table,0
0125171_neurosketch,27,2,bed,29,93,1,139501.64,1,13,bed,1
0125171_neurosketch,27,2,bed,29,94,1,139501.64,1,13,bed,0
0125171_neurosketch,27,furniture,bench,30,95,0,142501.57,1,18,bench,1
0125171_neurosketch,27,furniture,bench,30,96,0,142501.57,1,18,bench,0
0125171_neurosketch,27,furniture,chair,31,97,0,145502.32,1,39,,1
0125171_neurosketch,27,furniture,chair,31,98,0,145502.32,1,39,,0
0125171_neurosketch,27,furniture,bench,32,99,0,148501.98,1,10,bench,1
0125171_neurosketch,27,furniture,bench,32,100,0,148501.98,1,10,bench,0
0125171_neurosketch,27,furniture,bench,32,101,0,148501.98,1,10,bench,0
0125171_neurosketch,27,furniture,bench,32,102,0,148501.98,1,10,bench,0
0125171_neurosketch,27,furniture,chair,33,103,0,154502.61,1,32,chair,1
0125171_neurosketch,27,furniture,chair,33,104,0,154502.61,1,32,chair,0
0125171_neurosketch,27,furniture,chair,33,105,0,154502.61,1,32,chair,0
0125171_neurosketch,27,furniture,table,34,106,1,159001.64,1,3,table,1
0125171_neurosketch,27,furniture,table,34,107,1,159001.64,1,3,table,0
0125171_neurosketch,27,furniture,bed,35,108,1,162001.48,1,34,table,1
0125171_neurosketch,27,furniture,bed,35,109,1,162001.48,1,34,table,0
0125171_neurosketch,27,furniture,bed,35,110,1,162001.48,1,34,table,0
0125171_neurosketch,27,furniture,bed,35,111,1,162001.48,1,34,table,0
0125171_neurosketch,27,furniture,bed,36,112,1,168002.05,1,12,bed,1
0125171_neurosketch,27,furniture,bed,36,113,1,168002.05,1,12,bed,0
0125171_neurosketch,27,furniture,bed,36,114,1,168002.05,1,12,bed,0
0125171_neurosketch,27,furniture,bench,37,115,0,172502.12,1,31,bench,1
0125171_neurosketch,27,furniture,bench,37,116,0,172502.12,1,31,bench,0
0125171_neurosketch,27,furniture,bench,37,117,0,172502.12,1,31,bench,0
0125171_neurosketch,27,furniture,chair,38,118,0,177002.31,1,4,chair,1
0125171_neurosketch,27,furniture,chair,38,119,0,177002.31,1,4,chair,0
0125171_neurosketch,27,2,table,39,120,1,180001.53,1,8,table,1
0125171_neurosketch,27,2,table,39,121,1,180001.53,1,8,table,0
0125171_neurosketch,27,furniture,bed,40,122,1,183002.84,1,35,bed,1
0125171_neurosketch,27,furniture,bed,40,123,1,183002.84,1,35,bed,0
0125171_neurosketch,27,furniture,chair,41,124,0,186001.74,1,0,chair,1
0125171_neurosketch,27,furniture,chair,41,125,0,186001.74,1,0,chair,0
0125171_neurosketch,27,furniture,chair,41,126,0,186001.74,1,0,chair,0
0125171_neurosketch,27,furniture,chair,41,127,0,186001.74,1,0,chair,0
0125171_neurosketch,27,furniture,bench,42,128,0,192001.24,1,15,bench,1
0125171_neurosketch,27,furniture,bench,42,129,0,192001.24,1,15,bench,0
0125171_neurosketch,27,furniture,bench,42,130,0,192001.24,1,15,bench,0
0125171_neurosketch,27,furniture,table,43,131,1,196501.56,1,11,,1
0125171_neurosketch,27,furniture,table,43,132,1,196501.56,1,11,,0
0125171_neurosketch,27,furniture,table,43,133,1,196501.56,1,11,,0
0125171_neurosketch,27,furniture,chair,44,134,0,201002.52,1,31,chair,1
0125171_neurosketch,27,furniture,chair,44,135,0,201002.52,1,31,chair,0
0125171_neurosketch,27,furniture,bench,45,136,0,204001.3,1,12,bench,1
0125171_neurosketch,27,furniture,bench,45,137,0,204001.3,1,12,bench,0
0125171_neurosketch,27,furniture,table,46,138,1,207001.58,1,33,table,1
0125171_neurosketch,27,furniture,table,46,139,1,207001.58,1,33,table,0
0125171_neurosketch,27,furniture,table,46,140,1,207001.58,1,33,table,0
0125171_neurosketch,27,furniture,bed,47,141,1,211501.58,1,15,bed,1
0125171_neurosketch,27,furniture,bed,47,142,1,211501.58,1,15,bed,0
0125171_neurosketch,27,furniture,chair,48,143,0,214501.88,1,11,chair,1
0125171_neurosketch,27,furniture,chair,48,144,0,214501.88,1,11,chair,0
0125171_neurosketch,27,furniture,chair,48,145,0,214501.88,1,11,chair,0
0125171_neurosketch,27,furniture,chair,48,146,0,214501.88,1,11,chair,0
0125171_neurosketch,27,2,table,49,147,1,220502.23,1,6,table,1
0125171_neurosketch,27,2,table,49,148,1,220502.23,1,6,table,0
0125171_neurosketch,27,2,table,49,149,1,220502.23,1,6,table,0
0125171_neurosketch,27,2,table,49,150,1,220502.23,1,6,table,0
0125171_neurosketch,27,furniture,bed,50,151,1,226501.78,1,3,bed,1
0125171_neurosketch,27,furniture,bed,50,152,1,226501.78,1,3,bed,0
0125171_neurosketch,27,furniture,bed,50,153,1,226501.78,1,3,bed,0
0125171_neurosketch,27,furniture,bench,51,154,0,231002.04,1,4,bench,1
0125171_neurosketch,27,furniture,bench,51,155,0,231002.04,1,4,bench,0
0125171_neurosketch,27,furniture,bench,51,156,0,231002.04,1,4,bench,0
0125171_neurosketch,27,furniture,bench,51,157,0,231002.04,1,4,bench,0
0125171_neurosketch,27,furniture,table,52,158,1,237002.14,1,5,table,1
0125171_neurosketch,27,furniture,table,52,159,1,237002.14,1,5,table,0
0125171_neurosketch,27,furniture,table,52,160,1,237002.14,1,5,table,0
0125171_neurosketch,27,furniture,table,52,161,1,237002.14,1,5,table,0
0125171_neurosketch,27,furniture,bed,53,162,1,243002.03,1,16,bed,1
0125171_neurosketch,27,furniture,bed,53,163,1,243002.03,1,16,bed,0
0125171_neurosketch,27,furniture,bed,53,164,1,243002.03,1,16,bed,0
0125171_neurosketch,27,furniture,chair,54,165,0,247503.09,1,14,chair,1
0125171_neurosketch,27,furniture,chair,54,166,0,247503.09,1,14,chair,0
0125171_neurosketch,27,furniture,bench,55,167,0,250501.78,1,11,,1
0125171_neurosketch,27,furniture,bench,55,168,0,250501.78,1,11,,0
0125171_neurosketch,27,furniture,bench,55,169,0,250501.78,1,11,,0
0125171_neurosketch,27,furniture,table,56,170,1,255001.91,1,1,table,1
0125171_neurosketch,27,furniture,table,56,171,1,255001.91,1,1,table,0
0125171_neurosketch,27,furniture,table,56,172,1,255001.91,1,1,table,0
0125171_neurosketch,27,furniture,bed,57,173,1,259503.97,1,2,bed,1
0125171_neurosketch,27,furniture,bed,57,174,1,259503.97,1,2,bed,0
0125171_neurosketch,27,furniture,bench,58,175,0,262501.9,1,36,bench,1
0125171_neurosketch,27,furniture,bench,58,176,0,262501.9,1,36,bench,0
0125171_neurosketch,27,furniture,bench,58,177,0,262501.9,1,36,bench,0
0125171_neurosketch,27,furniture,bench,58,178,0,262501.9,1,36,bench,0
0125171_neurosketch,27,2,chair,59,179,0,268501.78,1,3,chair,1
0125171_neurosketch,27,2,chair,59,180,0,268501.78,1,3,chair,0
0125171_neurosketch,27,2,chair,59,181,0,268501.78,1,3,chair,0
0125171_neurosketch,27,furniture,bench,60,182,0,273000.76,1,13,bench,1
0125171_neurosketch,27,furniture,bench,60,183,0,273000.76,1,13,bench,0
0125171_neurosketch,27,furniture,bed,61,184,1,276001.77,1,22,table,1
0125171_neurosketch,27,furniture,bed,61,185,1,276001.77,1,22,table,0
0125171_neurosketch,27,furniture,bed,61,186,1,276001.77,1,22,table,0
0125171_neurosketch,27,furniture,table,62,187,1,280502.01,1,34,table,1
0125171_neurosketch,27,furniture,table,62,188,1,280502.01,1,34,table,0
0125171_neurosketch,27,furniture,chair,63,189,0,283501.64,1,18,chair,1
0125171_neurosketch,27,furniture,chair,63,190,0,283501.64,1,18,chair,0
0125171_neurosketch,27,furniture,chair,63,191,0,283501.64,1,18,chair,0
0125171_neurosketch,27,furniture,chair,64,192,0,288002.47,1,34,chair,1
0125171_neurosketch,27,furniture,chair,64,193,0,288002.47,1,34,chair,0
0125171_neurosketch,27,furniture,bed,65,194,1,291001.77,1,8,bed,1
0125171_neurosketch,27,furniture,bed,65,195,1,291001.77,1,8,bed,0
0125171_neurosketch,27,furniture,bed,65,196,1,291001.77,1,8,bed,0
0125171_neurosketch,27,furniture,bench,66,197,0,295501.79,1,23,bench,1
0125171_neurosketch,27,furniture,bench,66,198,0,295501.79,1,23,bench,0
0125171_neurosketch,27,furniture,table,67,199,1,298500.95,1,26,table,1
0125171_neurosketch,27,furniture,table,67,200,1,298500.95,1,26,table,0
0125171_neurosketch,27,furniture,table,67,201,1,298500.95,1,26,table,0
0125171_neurosketch,27,furniture,bed,68,202,1,303002.27,1,23,bed,1
0125171_neurosketch,27,furniture,bed,68,203,1,303002.27,1,23,bed,0
0125171_neurosketch,27,furniture,bed,68,204,1,303002.27,1,23,bed,0
0125171_neurosketch,27,2,table,69,205,1,307503.08,1,19,table,1
0125171_neurosketch,27,2,table,69,206,1,307503.08,1,19,table,0
0125171_neurosketch,27,furniture,bench,70,207,0,310502.14,1,20,bench,1
0125171_neurosketch,27,furniture,bench,70,208,0,310502.14,1,20,bench,0
0125171_neurosketch,27,furniture,chair,71,209,0,313501.58,1,28,chair,1
0125171_neurosketch,27,furniture,chair,71,210,0,313501.58,1,28,chair,0
0125171_neurosketch,27,furniture,chair,72,211,0,316501.74,1,1,chair,1
0125171_neurosketch,27,furniture,chair,72,212,0,316501.74,1,1,chair,0
0125171_neurosketch,27,furniture,chair,72,213,0,316501.74,1,1,chair,0
0125171_neurosketch,27,furniture,chair,72,214,0,316501.74,1,1,chair,0
0125171_neurosketch,27,furniture,bed,73,215,1,322500.98,1,33,bed,1
0125171_neurosketch,27,furniture,bed,73,216,1,322500.98,1,33,bed,0
0125171_neurosketch,27,furniture,bed,73,217,1,322500.98,1,33,bed,0
0125171_neurosketch,27,furniture,table,74,218,1,327001.98,1,16,table,1
0125171_neurosketch,27,furniture,table,74,219,1,327001.98,1,16,table,0
0125171_neurosketch,27,furniture,bench,75,220,0,330002.43,1,16,bench,1
0125171_neurosketch,27,furniture,bench,75,221,0,330002.43,1,16,bench,0
0125171_neurosketch,27,furniture,bench,75,222,0,330002.43,1,16,bench,0
0125171_neurosketch,27,furniture,bench,75,223,0,330002.43,1,16,bench,0
0125171_neurosketch,27,furniture,bed,76,224,1,336001.01,1,1,bed,1
0125171_neurosketch,27,furniture,bed,76,225,1,336001.01,1,1,bed,0
0125171_neurosketch,27,furniture,bed,76,226,1,336001.01,1,1,bed,0
0125171_neurosketch,27,furniture,bench,77,227,0,340501.64,1,28,bench,1
0125171_neurosketch,27,furniture,bench,77,228,0,340501.64,1,28,bench,0
0125171_neurosketch,27,furniture,bench,77,229,0,340501.64,1,28,bench,0
0125171_neurosketch,27,furniture,chair,78,230,0,345000.99,1,5,chair,1
0125171_neurosketch,27,furniture,chair,78,231,0,345000.99,1,5,chair,0
0125171_neurosketch,27,2,table,79,232,1,348002.16,1,37,table,1
0125171_neurosketch,27,2,table,79,233,1,348002.16,1,37,table,0
0125171_neurosketch,27,2,table,79,234,1,348002.16,1,37,table,0
0125171_neurosketch,27,2,table,79,235,1,348002.16,1,37,table,0
0125171_neurosketch,27,2,table,79,236,1,348002.16,1,37,table,0
0125171_neurosketch,27,2,table,79,237,1,348002.16,1,37,table,0
0125171_neurosketch,27,2,table,79,238,1,348002.16,1,37,table,0
0125171_neurosketch,27,2,table,79,239,1,348002.16,1,37,table,0
0125171_neurosketch,27,furniture,bed,80,0,-1,0.0,2,4,bed,0
0125171_neurosketch,27,furniture,bed,80,1,-1,0.0,2,4,bed,0
0125171_neurosketch,27,furniture,bed,80,2,-1,0.0,2,4,bed,0
0125171_neurosketch,27,furniture,bed,80,3,-1,0.0,2,4,bed,0
0125171_neurosketch,27,furniture,bed,80,4,-1,0.0,2,4,bed,0
0125171_neurosketch,27,furniture,bed,80,5,-1,0.0,2,4,bed,0
0125171_neurosketch,27,furniture,bed,80,6,-1,0.0,2,4,bed,0
0125171_neurosketch,27,furniture,bed,80,7,-1,0.0,2,4,bed,0
0125171_neurosketch,27,furniture,bed,80,8,1,12000.94,2,4,bed,1
0125171_neurosketch,27,furniture,bed,80,9,1,12000.94,2,4,bed,0
0125171_neurosketch,27,furniture,chair,81,10,0,15001.98,2,24,chair,1
0125171_neurosketch,27,furniture,chair,81,11,0,15001.98,2,24,chair,0
0125171_neurosketch,27,furniture,chair,81,12,0,15001.98,2,24,chair,0
0125171_neurosketch,27,furniture,chair,81,13,0,15001.98,2,24,chair,0
0125171_neurosketch,27,furniture,bench,82,14,0,21000.47,2,19,bench,1
0125171_neurosketch,27,furniture,bench,82,15,0,21000.47,2,19,bench,0
0125171_neurosketch,27,furniture,bench,82,16,0,21000.47,2,19,bench,0
0125171_neurosketch,27,furniture,table,83,17,1,25503.59,2,10,table,1
0125171_neurosketch,27,furniture,table,83,18,1,25503.59,2,10,table,0
0125171_neurosketch,27,furniture,table,83,19,1,25503.59,2,10,table,0
0125171_neurosketch,27,furniture,bed,84,20,1,30001.76,2,39,bed,1
0125171_neurosketch,27,furniture,bed,84,21,1,30001.76,2,39,bed,0
0125171_neurosketch,27,furniture,bench,85,22,0,33001.71,2,32,bench,1
0125171_neurosketch,27,furniture,bench,85,23,0,33001.71,2,32,bench,0
0125171_neurosketch,27,furniture,chair,86,24,0,36001.64,2,23,chair,1
0125171_neurosketch,27,furniture,chair,86,25,0,36001.64,2,23,chair,0
0125171_neurosketch,27,furniture,chair,86,26,0,36001.64,2,23,chair,0
0125171_neurosketch,27,furniture,table,87,27,1,40501.49,2,4,table,1
0125171_neurosketch,27,furniture,table,87,28,1,40501.49,2,4,table,0
0125171_neurosketch,27,furniture,table,88,29,1,43502.72,2,30,table,1
0125171_neurosketch,27,furniture,table,88,30,1,43502.72,2,30,table,0
0125171_neurosketch,27,furniture,table,88,31,1,43502.72,2,30,table,0
0125171_neurosketch,27,furniture,table,88,32,1,43502.72,2,30,table,0
0125171_neurosketch,27,2,chair,89,33,0,49502.0,2,2,chair,1
0125171_neurosketch,27,2,chair,89,34,0,49502.0,2,2,chair,0
0125171_neurosketch,27,2,chair,89,35,0,49502.0,2,2,chair,0
0125171_neurosketch,27,2,chair,89,36,0,49502.0,2,2,chair,0
0125171_neurosketch,27,furniture,bench,90,37,0,55501.57,2,0,bench,1
0125171_neurosketch,27,furniture,bench,90,38,0,55501.57,2,0,bench,0
0125171_neurosketch,27,furniture,bench,90,39,0,55501.57,2,0,bench,0
0125171_neurosketch,27,furniture,bed,91,40,1,60001.25,2,5,bed,1
0125171_neurosketch,27,furniture,bed,91,41,1,60001.25,2,5,bed,0
0125171_neurosketch,27,furniture,bed,91,42,1,60001.25,2,5,bed,0
0125171_neurosketch,27,furniture,bed,91,43,1,60001.25,2,5,bed,0
0125171_neurosketch,27,furniture,table,92,44,1,66001.22,2,38,table,1
0125171_neurosketch,27,furniture,table,92,45,1,66001.22,2,38,table,0
0125171_neurosketch,27,furniture,table,92,46,1,66001.22,2,38,table,0
0125171_neurosketch,27,furniture,table,92,47,1,66001.22,2,38,table,0
0125171_neurosketch,27,furniture,chair,93,48,0,72001.33,2,35,chair,1
0125171_neurosketch,27,furniture,chair,93,49,0,72001.33,2,35,chair,0
0125171_neurosketch,27,furniture,chair,93,50,0,72001.33,2,35,chair,0
0125171_neurosketch,27,furniture,bed,94,51,1,76501.66,2,28,bed,1
0125171_neurosketch,27,furniture,bed,94,52,1,76501.66,2,28,bed,0
0125171_neurosketch,27,furniture,bench,95,53,0,79500.97,2,6,bench,1
0125171_neurosketch,27,furniture,bench,95,54,0,79500.97,2,6,bench,0
0125171_neurosketch,27,furniture,bench,95,55,0,79500.97,2,6,bench,0
0125171_neurosketch,27,furniture,table,96,56,1,84001.41,2,21,table,1
0125171_neurosketch,27,furniture,table,96,57,1,84001.41,2,21,table,0
0125171_neurosketch,27,furniture,table,96,58,1,84001.41,2,21,table,0
0125171_neurosketch,27,furniture,bed,97,59,1,88501.1,2,14,bed,1
0125171_neurosketch,27,furniture,bed,97,60,1,88501.1,2,14,bed,0
0125171_neurosketch,27,furniture,chair,98,61,0,91501.51,2,22,chair,1
0125171_neurosketch,27,furniture,chair,98,62,0,91501.51,2,22,chair,0
0125171_neurosketch,27,furniture,chair,98,63,0,91501.51,2,22,chair,0
0125171_neurosketch,27,furniture,chair,98,64,0,91501.51,2,22,chair,0
0125171_neurosketch,27,2,bench,99,65,0,97502.09,2,3,bench,1
0125171_neurosketch,27,2,bench,99,66,0,97502.09,2,3,bench,0
0125171_neurosketch,27,2,bench,99,67,0,97502.09,2,3,bench,0
0125171_neurosketch,27,furniture,table,100,68,1,102001.59,2,14,table,1
0125171_neurosketch,27,furniture,table,100,69,1,102001.59,2,14,table,0
0125171_neurosketch,27,furniture,chair,101,70,0,105002.09,2,21,chair,1
0125171_neurosketch,27,furniture,chair,101,71,0,105002.09,2,21,chair,0
0125171_neurosketch,27,furniture,chair,101,72,0,105002.09,2,21,chair,0
0125171_neurosketch,27,furniture,bed,102,73,1,109502.05,2,19,bed,1
0125171_neurosketch,27,furniture,bed,102,74,1,109502.05,2,19,bed,0
0125171_neurosketch,27,furniture,bench,103,75,0,112500.42,2,7,bench,1
0125171_neurosketch,27,furniture,bench,103,76,0,112500.42,2,7,bench,0
0125171_neurosketch,27,furniture,bench,103,77,0,112500.42,2,7,bench,0
0125171_neurosketch,27,furniture,chair,104,78,0,117002.1,2,8,chair,1
0125171_neurosketch,27,furniture,chair,104,79,0,117002.1,2,8,chair,0
0125171_neurosketch,27,furniture,table,105,80,1,120001.99,2,31,table,1
0125171_neurosketch,27,furniture,table,105,81,1,120001.99,2,31,table,0
0125171_neurosketch,27,furniture,table,105,82,1,120001.99,2,31,table,0
0125171_neurosketch,27,furniture,bench,106,83,0,124502.29,2,33,bench,1
0125171_neurosketch,27,furniture,bench,106,84,0,124502.29,2,33,bench,0
0125171_neurosketch,27,furniture,bed,107,85,1,127501.98,2,25,bed,1
0125171_neurosketch,27,furniture,bed,107,86,1,127501.98,2,25,bed,0
0125171_neurosketch,27,furniture,bed,107,87,1,127501.98,2,25,bed,0
0125171_neurosketch,27,furniture,table,108,88,1,132001.7,2,0,table,1
0125171_neurosketch,27,furniture,table,108,89,1,132001.7,2,0,table,0
0125171_neurosketch,27,furniture,table,108,90,1,132001.7,2,0,table,0
0125171_neurosketch,27,2,bench,109,91,0,136501.61,2,37,bench,1
0125171_neurosketch,27,2,bench,109,92,0,136501.61,2,37,bench,0
0125171_neurosketch,27,furniture,chair,110,93,0,139503.7,2,6,chair,1
0125171_neurosketch,27,furniture,chair,110,94,0,139503.7,2,6,chair,0
0125171_neurosketch,27,furniture,bed,111,95,1,142501.5,2,9,bed,1
0125171_neurosketch,27,furniture,bed,111,96,1,142501.5,2,9,bed,0
0125171_neurosketch,27,furniture,table,112,97,1,145500.61,2,7,table,1
0125171_neurosketch,27,furniture,table,112,98,1,145500.61,2,7,table,0
0125171_neurosketch,27,furniture,table,112,99,1,145500.61,2,7,table,0
0125171_neurosketch,27,furniture,table,112,100,1,145500.61,2,7,table,0
0125171_neurosketch,27,furniture,bench,113,101,0,151501.39,2,5,bench,1
0125171_neurosketch,27,furniture,bench,113,102,0,151501.39,2,5,bench,0
0125171_neurosketch,27,furniture,bench,113,103,0,151501.39,2,5,bench,0
0125171_neurosketch,27,furniture,bed,114,104,1,156002.4,2,36,bed,1
0125171_neurosketch,27,furniture,bed,114,105,1,156002.4,2,36,bed,0
0125171_neurosketch,27,furniture,chair,115,106,0,159002.25,2,12,chair,1
0125171_neurosketch,27,furniture,chair,115,107,0,159002.25,2,12,chair,0
0125171_neurosketch,27,furniture,chair,115,108,0,159002.25,2,12,chair,0
0125171_neurosketch,27,furniture,chair,115,109,0,159002.25,2,12,chair,0
0125171_neurosketch,27,furniture,table,116,110,1,165001.11,2,25,table,1
0125171_neurosketch,27,furniture,table,116,111,1,165001.11,2,25,table,0
0125171_neurosketch,27,furniture,table,116,112,1,165001.11,2,25,table,0
0125171_neurosketch,27,furniture,bed,117,113,1,169501.26,2,10,bed,1
0125171_neurosketch,27,furniture,bed,117,114,1,169501.26,2,10,bed,0
0125171_neurosketch,27,furniture,bed,117,115,1,169501.26,2,10,bed,0
0125171_neurosketch,27,furniture,chair,118,116,0,174001.95,2,17,chair,1
0125171_neurosketch,27,furniture,chair,118,117,0,174001.95,2,17,chair,0
0125171_neurosketch,27,2,bench,119,118,0,177002.16,2,29,bench,1
0125171_neurosketch,27,2,bench,119,119,0,177002.16,2,29,bench,0
0125171_neurosketch,27,furniture,chair,120,120,0,180001.45,2,7,chair,1
0125171_neurosketch,27,furniture,chair,120,121,0,180001.45,2,7,chair,0
0125171_neurosketch,27,furniture,bench,121,122,0,183001.7,2,8,,1
0125171_neurosketch,27,furniture,bench,121,123,0,183001.7,2,8,,0
0125171_neurosketch,27,furniture,bench,121,124,0,183001.7,2,8,,0
0125171_neurosketch,27,furniture,bench,121,125,0,183001.7,2,8,,0
0125171_neurosketch,27,furniture,bed,122,126,1,189002.19,2,27,bed,1
0125171_neurosketch,27,furniture,bed,122,127,1,189002.19,2,27,bed,0
0125171_neurosketch,27,furniture,bed,122,128,1,189002.19,2,27,bed,0
0125171_neurosketch,27,furniture,table,123,129,1,193502.11,2,17,table,1
0125171_neurosketch,27,furniture,table,123,130,1,193502.11,2,17,table,0
0125171_neurosketch,27,furniture,table,123,131,1,193502.11,2,17,table,0
0125171_neurosketch,27,furniture,bed,124,132,1,198001.75,2,17,bed,1
0125171_neurosketch,27,furniture,bed,124,133,1,198001.75,2,17,bed,0
0125171_neurosketch,27,furniture,table,125,134,1,201000.66,2,20,table,1
0125171_neurosketch,27,furniture,table,125,135,1,201000.66,2,20,table,0
0125171_neurosketch,27,furniture,bench,126,136,0,204001.1,2,34,,1
0125171_neurosketch,27,furniture,bench,126,137,0,204001.1,2,34,,0
0125171_neurosketch,27,furniture,bench,126,138,0,204001.1,2,34,,0
0125171_neurosketch,27,furniture,chair,127,139,0,208502.18,2,16,chair,1
0125171_neurosketch,27,furniture,chair,127,140,0,208502.18,2,16,chair,0
0125171_neurosketch,27,furniture,bench,128,141,0,211500.98,2,1,bench,1
0125171_neurosketch,27,furniture,bench,128,142,0,211500.98,2,1,bench,0
0125171_neurosketch,27,furniture,bench,128,143,0,211500.98,2,1,bench,0
0125171_neurosketch,27,furniture,bench,128,144,0,211500.98,2,1,bench,0
0125171_neurosketch,27,2,table,129,145,1,217503.53,2,36,table,1
0125171_neurosketch,27,2,table,129,146,1,217503.53,2,36,table,0
0125171_neurosketch,27,2,table,129,147,1,217503.53,2,36,table,0
0125171_neurosketch,27,2,table,129,148,1,217503.53,2,36,table,0
0125171_neurosketch,27,furniture,bed,130,149,1,223501.82,2,18,,1
0125171_neurosketch,27,furniture,bed,130,150,1,223501.82,2,18,,0
0125171_neurosketch,27,furniture,bed,130,151,1,223501.82,2,18,,0
0125171_neurosketch,27,furniture,chair,131,152,0,228002.35,2,38,chair,1
0125171_neurosketch,27,furniture,chair,131,153,0,228002.35,2,38,chair,0
0125171_neurosketch,27,furniture,chair,131,154,0,228002.35,2,38,chair,0
0125171_neurosketch,27,furniture,chair,131,155,0,228002.35,2,38,chair,0
0125171_neurosketch,27,furniture,bench,132,156,0,234001.68,2,30,bench,1
0125171_neurosketch,27,furniture,bench,132,157,0,234001.68,2,30,bench,0
0125171_neurosketch,27,furniture,bench,132,158,0,234001.68,2,30,bench,0
0125171_neurosketch,27,furniture,bench,132,159,0,234001.68,2,30,bench,0
0125171_neurosketch,27,furniture,chair,133,160,0,240002.57,2,33,chair,1
0125171_neurosketch,27,furniture,chair,133,161,0,240002.57,2,33,chair,0
0125171_neurosketch,27,furniture,chair,133,162,0,240002.57,2,33,chair,0
0125171_neurosketch,27,furniture,table,134,163,1,244501.39,2,27,table,1
0125171_neurosketch,27,furniture,table,134,164,1,244501.39,2,27,table,0
0125171_neurosketch,27,furniture,bed,135,165,1,247500.99,2,26,bed,1
0125171_neurosketch,27,furniture,bed,135,166,1,247500.99,2,26,bed,0
0125171_neurosketch,27,furniture,bed,135,167,1,247500.99,2,26,bed,0
0125171_neurosketch,27,furniture,bench,136,168,0,252002.21,2,25,bench,1
0125171_neurosketch,27,furniture,bench,136,169,0,252002.21,2,25,bench,0
0125171_neurosketch,27,furniture,bench,136,170,0,252002.21,2,25,bench,0
0125171_neurosketch,27,furniture,table,137,171,1,256502.12,2,32,table,1
0125171_neurosketch,27,furniture,table,137,172,1,256502.12,2,32,table,0
0125171_neurosketch,27,furniture,bed,138,173,1,259502.52,2,11,bed,1
0125171_neurosketch,27,furniture,bed,138,174,1,259502.52,2,11,bed,0
0125171_neurosketch,27,furniture,bed,138,175,1,259502.52,2,11,bed,0
0125171_neurosketch,27,furniture,bed,138,176,1,259502.52,2,11,bed,0
0125171_neurosketch,27,2,chair,139,177,0,265501.9,2,9,chair,1
0125171_neurosketch,27,2,chair,139,178,0,265501.9,2,9,chair,0
0125171_neurosketch,27,2,chair,139,179,0,265501.9,2,9,chair,0
0125171_neurosketch,27,furniture,bed,140,180,1,270002.49,2,29,bed,1
0125171_neurosketch,27,furniture,bed,140,181,1,270002.49,2,29,bed,0
0125171_neurosketch,27,furniture,bench,141,182,0,273002.25,2,9,bench,1
0125171_neurosketch,27,furniture,bench,141,183,0,273002.25,2,9,bench,0
0125171_neurosketch,27,furniture,bench,141,184,0,273002.25,2,9,bench,0
0125171_neurosketch,27,furniture,table,142,185,1,277501.81,2,12,table,1
0125171_neurosketch,27,furniture,table,142,186,1,277501.81,2,12,table,0
0125171_neurosketch,27,furniture,chair,143,187,0,280502.19,2,26,chair,1
0125171_neurosketch,27,furniture,chair,143,188,0,280502.19,2,26,chair,0
0125171_neurosketch,27,furniture,chair,143,189,0,280502.19,2,26,chair,0
0125171_neurosketch,27,furniture,chair,144,190,0,285002.1,2,25,chair,1
0125171_neurosketch,27,furniture,chair,144,191,0,285002.1,2,25,chair,0
0125171_neurosketch,27,furniture,bench,145,192,0,288002.03,2,22,bench,1
0125171_neurosketch,27,furniture,bench,145,193,0,288002.03,2,22,bench,0
0125171_neurosketch,27,furniture,bench,145,194,0,288002.03,2,22,bench,0
0125171_neurosketch,27,furniture,bed,146,195,1,292501.73,2,20,,1
0125171_neurosketch,27,furniture,bed,146,196,1,292501.73,2,20,,0
0125171_neurosketch,27,furniture,table,147,197,1,295502.18,2,9,table,1
0125171_neurosketch,27,furniture,table,147,198,1,295502.18,2,9,table,0
0125171_neurosketch,27,furniture,table,147,199,1,295502.18,2,9,table,0
0125171_neurosketch,27,furniture,chair,148,200,0,300002.35,2,15,chair,1
0125171_neurosketch,27,furniture,chair,148,201,0,300002.35,2,15,chair,0
0125171_neurosketch,27,furniture,chair,148,202,0,300002.35,2,15,chair,0
0125171_neurosketch,27,2,table,149,203,1,304501.74,2,39,table,1
0125171_neurosketch,27,2,table,149,204,1,304501.74,2,39,table,0
0125171_neurosketch,27,furniture,bench,150,205,0,307502.44,2,17,bench,1
0125171_neurosketch,27,furniture,bench,150,206,0,307502.44,2,17,bench,0
0125171_neurosketch,27,furniture,bed,151,207,1,310502.35,2,0,bed,1
0125171_neurosketch,27,furniture,bed,151,208,1,310502.35,2,0,bed,0
0125171_neurosketch,27,furniture,chair,152,209,0,313501.66,2,20,chair,1
0125171_neurosketch,27,furniture,chair,152,210,0,313501.66,2,20,chair,0
0125171_neurosketch,27,furniture,chair,152,211,0,313501.66,2,20,chair,0
0125171_neurosketch,27,furniture,chair,152,212,0,313501.66,2,20,chair,0
0125171_neurosketch,27,furniture,bed,153,213,1,319502.53,2,6,bed,1
0125171_neurosketch,27,furniture,bed,153,214,1,319502.53,2,6,bed,0
0125171_neurosketch,27,furniture,bed,153,215,1,319502.53,2,6,bed,0
0125171_neurosketch,27,furniture,bench,154,216,0,324002.4,2,21,bench,1
0125171_neurosketch,27,furniture,bench,154,217,0,324002.4,2,21,bench,0
0125171_neurosketch,27,furniture,table,155,218,1,327000.75,2,18,table,1
0125171_neurosketch,27,furniture,table,155,219,1,327000.75,2,18,table,0
0125171_neurosketch,27,furniture,table,155,220,1,327000.75,2,18,table,0
0125171_neurosketch,27,furniture,table,155,221,1,327000.75,2,18,table,0
0125171_neurosketch,27,furniture,bench,156,222,0,333002.2,2,26,bench,1
0125171_neurosketch,27,furniture,bench,156,223,0,333002.2,2,26,bench,0
0125171_neurosketch,27,furniture,bench,156,224,0,333002.2,2,26,bench,0
0125171_neurosketch,27,furniture,bed,157,225,1,337500.84,2,37,bed,1
0125171_neurosketch,27,furniture,bed,157,226,1,337500.84,2,37,bed,0
0125171_neurosketch,27,furniture,bed,157,227,1,337500.84,2,37,bed,0
0125171_neurosketch,27,furniture,chair,158,228,0,342002.18,2,10,chair,1
0125171_neurosketch,27,furniture,chair,158,229,0,342002.18,2,10,chair,0
0125171_neurosketch,27,2,table,159,230,1,345001.5,2,22,table,1
0125171_neurosketch,27,2,table,159,231,1,345001.5,2,22,table,0
0125171_neurosketch,27,2,table,159,232,1,345001.5,2,22,table,0
0125171_neurosketch,27,2,table,159,233,1,345001.5,2,22,table,0
0125171_neurosketch,27,2,table,159,234,1,345001.5,2,22,table,0
0125171_neurosketch,27,2,table,159,235,1,345001.5,2,22,table,0
0125171_neurosketch,27,2,table,159,236,1,345001.5,2,22,table,0
0125171_neurosketch,27,2,table,159,237,1,345001.5,2,22,table,0
0125171_neurosketch,27,2,table,159,238,1,345001.5,2,22,table,0
0125171_neurosketch,27,2,table,159,239,1,345001.5,2,22,table,0
0125171_neurosketch,27,furniture,table,160,0,-1,0.0,3,22,table,0
0125171_neurosketch,27,furniture,table,160,1,-1,0.0,3,22,table,0
0125171_neurosketch,27,furniture,table,160,2,-1,0.0,3,22,table,0
0125171_neurosketch,27,furniture,table,160,3,-1,0.0,3,22,table,0
0125171_neurosketch,27,furniture,table,160,4,-1,0.0,3,22,table,0
0125171_neurosketch,27,furniture,table,160,5,-1,0.0,3,22,table,0
0125171_neurosketch,27,furniture,table,160,6,-1,0.0,3,22,table,0
0125171_neurosketch,27,furniture,table,160,7,-1,0.0,3,22,table,0
0125171_neurosketch,27,furniture,table,160,8,1,12001.3,3,22,table,1
0125171_neurosketch,27,furniture,table,160,9,1,12001.3,3,22,table,0
0125171_neurosketch,27,furniture,chair,161,10,0,15001.42,3,10,chair,1
0125171_neurosketch,27,furniture,chair,161,11,0,15001.42,3,10,chair,0
0125171_neurosketch,27,furniture,chair,161,12,0,15001.42,3,10,chair,0
0125171_neurosketch,27,furniture,chair,161,13,0,15001.42,3,10,chair,0
0125171_neurosketch,27,furniture,bed,162,14,1,21001.43,3,37,bed,1
0125171_neurosketch,27,furniture,bed,162,15,1,21001.43,3,37,bed,0
0125171_neurosketch,27,furniture,bed,162,16,1,21001.43,3,37,bed,0
0125171_neurosketch,27,furniture,bench,163,17,0,25501.42,3,26,bench,1
0125171_neurosketch,27,furniture,bench,163,18,0,25501.42,3,26,bench,0
0125171_neurosketch,27,furniture,bench,163,19,0,25501.42,3,26,bench,0
0125171_neurosketch,27,furniture,table,164,20,1,30001.6,3,18,table,1
0125171_neurosketch,27,furniture,table,164,21,1,30001.6,3,18,table,0
0125171_neurosketch,27,furniture,bench,165,22,0,33001.27,3,21,bench,1
0125171_neurosketch,27,furniture,bench,165,23,0,33001.27,3,21,bench,0
0125171_neurosketch,27,furniture,bed,166,24,1,36001.47,3,6,,1
0125171_neurosketch,27,furniture,bed,166,25,1,36001.47,3,6,,0
0125171_neurosketch,27,furniture,bed,166,26,1,36001.47,3,6,,0
0125171_neurosketch,27,furniture,chair,167,27,0,40502.28,3,20,chair,1
0125171_neurosketch,27,furniture,chair,167,28,0,40502.28,3,20,chair,0
0125171_neurosketch,27,furniture,bed,168,29,1,43502.47,3,0,bed,1
0125171_neurosketch,27,furniture,bed,168,30,1,43502.47,3,0,bed,0
0125171_neurosketch,27,furniture,bed,168,31,1,43502.47,3,0,bed,0
0125171_neurosketch,27,furniture,bed,168,32,1,43502.47,3,0,bed,0
0125171_neurosketch,27,2,bench,169,33,0,49501.0,3,17,bench,1
0125171_neurosketch,27,2,bench,169,34,0,49501.0,3,17,bench,0
0125171_neurosketch,27,2,bench,169,35,0,49501.0,3,17,bench,0
0125171_neurosketch,27,2,bench,169,36,0,49501.0,3,17,bench,0
0125171_neurosketch,27,furniture,table,170,37,1,55504.56,3,39,table,1
0125171_neurosketch,27,furniture,table,170,38,1,55504.56,3,39,table,0
0125171_neurosketch,27,furniture,table,170,39,1,55504.56,3,39,table,0
0125171_neurosketch,27,furniture,chair,171,40,0,60001.27,3,15,chair,1
0125171_neurosketch,27,furniture,chair,171,41,0,60001.27,3,15,chair,0
0125171_neurosketch,27,furniture,chair,171,42,0,60001.27,3,15,chair,0
0125171_neurosketch,27,furniture,chair,171,43,0,60001.27,3,15,chair,0
0125171_neurosketch,27,furniture,table,172,44,1,66000.96,3,9,table,1
0125171_neurosketch,27,furniture,table,172,45,1,66000.96,3,9,table,0
0125171_neurosketch,27,furniture,table,172,46,1,66000.96,3,9,table,0
0125171_neurosketch,27,furniture,table,172,47,1,66000.96,3,9,table,0
0125171_neurosketch,27,furniture,bed,173,48,1,72001.29,3,20,bed,1
0125171_neurosketch,27,furniture,bed,173,49,1,72001.29,3,20,bed,0
0125171_neurosketch,27,furniture,bed,173,50,1,72001.29,3,20,bed,0
0125171_neurosketch,27,furniture,bench,174,51,0,76500.97,3,22,bench,1
0125171_neurosketch,27,furniture,bench,174,52,0,76500.97,3,22,bench,0
0125171_neurosketch,27,furniture,chair,175,53,0,79501.33,3,25,chair,1
0125171_neurosketch,27,furniture,chair,175,54,0,79501.33,3,25,chair,0
0125171_neurosketch,27,furniture,chair,175,55,0,79501.33,3,25,chair,0
0125171_neurosketch,27,furniture,chair,176,56,0,84001.81,3,26,chair,1
0125171_neurosketch,27,furniture,chair,176,57,0,84001.81,3,26,chair,0
0125171_neurosketch,27,furniture,chair,176,58,0,84001.81,3,26,chair,0
0125171_neurosketch,27,furniture,table,177,59,1,88501.6,3,12,table,1
0125171_neurosketch,27,furniture,table,177,60,1,88501.6,3,12,table,0
0125171_neurosketch,27,furniture,bench,178,61,0,91501.83,3,9,bench,1
0125171_neurosketch,27,furniture,bench,178,62,0,91501.83,3,9,bench,0
0125171_neurosketch,27,furniture,bench,178,63,0,91501.83,3,9,bench,0
0125171_neurosketch,27,furniture,bench,178,64,0,91501.83,3,9,bench,0
0125171_neurosketch,27,2,bed,179,65,1,97501.49,3,29,table,1
0125171_neurosketch,27,2,bed,179,66,1,97501.49,3,29,table,0
0125171_neurosketch,27,2,bed,179,67,1,97501.49,3,29,table,0
0125171_neurosketch,27,furniture,chair,180,68,0,102002.07,3,9,chair,1
0125171_neurosketch,27,furniture,chair,180,69,0,102002.07,3,9,chair,0
0125171_neurosketch,27,furniture,bed,181,70,1,105002.42,3,11,bed,1
0125171_neurosketch,27,furniture,bed,181,71,1,105002.42,3,11,bed,0
0125171_neurosketch,27,furniture,bed,181,72,1,105002.42,3,11,bed,0
0125171_neurosketch,27,furniture,table,182,73,1,109502.09,3,32,table,1
0125171_neurosketch,27,furniture,table,182,74,1,109502.09,3,32,table,0
0125171_neurosketch,27,furniture,bench,183,75,0,112503.9,3,25,bench,1
0125171_neurosketch,27,furniture,bench,183,76,0,112503.9,3,25,bench,0
0125171_neurosketch,27,furniture,bench,183,77,0,112503.9,3,25,bench,0
0125171_neurosketch,27,furniture,bed,184,78,1,117002.46,3,26,bed,1
0125171_neurosketch,27,furniture,bed,184,79,1,117002.46,3,26,bed,0
0125171_neurosketch,27,furniture,table,185,80,1,120002.21,3,27,table,1
0125171_neurosketch,27,furniture,table,185,81,1,120002.21,3,27,table,0
0125171_neurosketch,27,furniture,table,185,82,1,120002.21,3,27,table,0
0125171_neurosketch,27,furniture,chair,186,83,0,124502.28,3,33,chair,1
0125171_neurosketch,27,furniture,chair,186,84,0,124502.28,3,33,chair,0
0125171_neurosketch,27,furniture,bench,187,85,0,127501.66,3,30,bench,1
0125171_neurosketch,27,furniture,bench,187,86,0,127501.66,3,30,bench,0
0125171_neurosketch,27,furniture,bench,187,87,0,127501.66,3,30,bench,0
0125171_neurosketch,27,furniture,chair,188,88,0,132002.48,3,38,chair,1
0125171_neurosketch,27,furniture,chair,188,89,0,132002.48,3,38,chair,0
0125171_neurosketch,27,furniture,chair,188,90,0,132002.48,3,38,chair,0
0125171_neurosketch,27,2,bed,189,91,1,136502.06,3,18,bed,1
0125171_neurosketch,27,2,bed,189,92,1,136502.06,3,18,bed,0
0125171_neurosketch,27,furniture,table,190,93,1,139501.63,3,36,table,1
0125171_neurosketch,27,furniture,table,190,94,1,139501.63,3,36,table,0
0125171_neurosketch,27,furniture,bench,191,95,0,142501.56,3,1,bench,1
0125171_neurosketch,27,furniture,bench,191,96,0,142501.56,3,1,bench,0
0125171_neurosketch,27,furniture,chair,192,97,0,145502.39,3,16,chair,1
0125171_neurosketch,27,furniture,chair,192,98,0,145502.39,3,16,chair,0
0125171_neurosketch,27,furniture,chair,192,99,0,145502.39,3,16,chair,0
0125171_neurosketch,27,furniture,chair,192,100,0,145502.39,3,16,chair,0
0125171_neurosketch,27,furniture,bench,193,101,0,151501.82,3,34,bench,1
0125171_neurosketch,27,furniture,bench,193,102,0,151501.82,3,34,bench,0
0125171_neurosketch,27,furniture,bench,193,103,0,151501.82,3,34,bench,0
0125171_neurosketch,27,furniture,table,194,104,1,156002.03,3,20,table,1
0125171_neurosketch,27,furniture,table,194,105,1,156002.03,3,20,table,0
0125171_neurosketch,27,furniture,bed,195,106,1,159002.48,3,17,bed,1
0125171_neurosketch,27,furniture,bed,195,107,1,159002.48,3,17,bed,0
0125171_neurosketch,27,furniture,bed,195,108,1,159002.48,3,17,bed,0
0125171_neurosketch,27,furniture,bed,195,109,1,159002.48,3,17,bed,0
0125171_neurosketch,27,furniture,table,196,110,1,165002.09,3,17,table,1
0125171_neurosketch,27,furniture,table,196,111,1,165002.09,3,17,table,0
0125171_neurosketch,27,furniture,table,196,112,1,165002.09,3,17,table,0
0125171_neurosketch,27,furniture,bed,197,113,1,169501.96,3,27,bed,1
0125171_neurosketch,27,furniture,bed,197,114,1,169501.96,3,27,bed,0
0125171_neurosketch,27,furniture,bed,197,115,1,169501.96,3,27,bed,0
0125171_neurosketch,27,furniture,bench,198,116,0,174001.54,3,8,bench,1
0125171_neurosketch,27,furniture,bench,198,117,0,174001.54,3,8,bench,0
0125171_neurosketch,27,2,chair,199,118,0,177002.05,3,7,chair,1
0125171_neurosketch,27,2,chair,199,119,0,177002.05,3,7,chair,0
0125171_neurosketch,27,furniture,bench,200,120,0,180001.1,3,29,chair,1
0125171_neurosketch,27,furniture,bench,200,121,0,180001.1,3,29,chair,0
0125171_neurosketch,27,furniture,chair,201,122,0,183004.09,3,17,chair,1
0125171_neurosketch,27,furniture,chair,201,123,0,183004.09,3,17,chair,0
0125171_neurosketch,27,furniture,chair,201,124,0,183004.09,3,17,chair,0
0125171_neurosketch,27,furniture,chair,201,125,0,183004.09,3,17,chair,0
0125171_neurosketch,27,furniture,bed,202,126,1,189001.71,3,10,bed,1
0125171_neurosketch,27,furniture,bed,202,127,1,189001.71,3,10,bed,0
0125171_neurosketch,27,furniture,bed,202,128,1,189001.71,3,10,bed,0
0125171_neurosketch,27,furniture,table,203,129,1,193502.03,3,25,table,1
0125171_neurosketch,27,furniture,table,203,130,1,193502.03,3,25,table,0
0125171_neurosketch,27,furniture,table,203,131,1,193502.03,3,25,table,0
0125171_neurosketch,27,furniture,chair,204,132,0,198003.17,3,12,chair,1
0125171_neurosketch,27,furniture,chair,204,133,0,198003.17,3,12,chair,0
0125171_neurosketch,27,furniture,bed,205,134,1,201001.39,3,36,bed,1
0125171_neurosketch,27,furniture,bed,205,135,1,201001.39,3,36,bed,0
0125171_neurosketch,27,furniture,bench,206,136,0,204002.08,3,5,bench,1
0125171_neurosketch,27,furniture,bench,206,137,0,204002.08,3,5,bench,0
0125171_neurosketch,27,furniture,bench,206,138,0,204002.08,3,5,bench,0
0125171_neurosketch,27,furniture,table,207,139,1,208501.89,3,7,table,1
0125171_neurosketch,27,furniture,table,207,140,1,208501.89,3,7,table,0
0125171_neurosketch,27,furniture,bed,208,141,1,211501.5,3,9,bed,1
0125171_neurosketch,27,furniture,bed,208,142,1,211501.5,3,9,bed,0
0125171_neurosketch,27,furniture,bed,208,143,1,211501.5,3,9,bed,0
0125171_neurosketch,27,furniture,bed,208,144,1,211501.5,3,9,bed,0
0125171_neurosketch,27,2,chair,209,145,0,217501.87,3,6,chair,1
0125171_neurosketch,27,2,chair,209,146,0,217501.87,3,6,chair,0
0125171_neurosketch,27,2,chair,209,147,0,217501.87,3,6,chair,0
0125171_neurosketch,27,2,chair,209,148,0,217501.87,3,6,chair,0
0125171_neurosketch,27,furniture,bench,210,149,0,223503.0,3,37,bench,1
0125171_neurosketch,27,furniture,bench,210,150,0,223503.0,3,37,bench,0
0125171_neurosketch,27,furniture,bench,210,151,0,223503.0,3,37,bench,0
0125171_neurosketch,27,furniture,table,211,152,1,228002.41,3,0,table,1
0125171_neurosketch,27,furniture,table,211,153,1,228002.41,3,0,table,0
0125171_neurosketch,27,furniture,table,211,154,1,228002.41,3,0,table,0
0125171_neurosketch,27,furniture,table,211,155,1,228002.41,3,0,table,0
0125171_neurosketch,27,furniture,bed,212,156,1,234003.13,3,25,bed,1
0125171_neurosketch,27,furniture,bed,212,157,1,234003.13,3,25,bed,0
0125171_neurosketch,27,furniture,bed,212,158,1,234003.13,3,25,bed,0
0125171_neurosketch,27,furniture,bed,212,159,1,234003.13,3,25,bed,0
0125171_neurosketch,27,furniture,bench,213,160,0,240001.93,3,33,bench,1
0125171_neurosketch,27,furniture,bench,213,161,0,240001.93,3,33,bench,0
0125171_neurosketch,27,furniture,bench,213,162,0,240001.93,3,33,bench,0
0125171_neurosketch,27,furniture,table,214,163,1,244502.67,3,31,table,1
0125171_neurosketch,27,furniture,table,214,164,1,244502.67,3,31,table,0
0125171_neurosketch,27,furniture,chair,215,165,0,247501.62,3,8,chair,1
0125171_neurosketch,27,furniture,chair,215,166,0,247501.62,3,8,chair,0
0125171_neurosketch,27,furniture,chair,215,167,0,247501.62,3,8,chair,0
0125171_neurosketch,27,furniture,bench,216,168,0,252002.26,3,7,bench,1
0125171_neurosketch,27,furniture,bench,216,169,0,252002.26,3,7,bench,0
0125171_neurosketch,27,furniture,bench,216,170,0,252002.26,3,7,bench,0
0125171_neurosketch,27,furniture,bed,217,171,1,256502.53,3,19,bed,1
0125171_neurosketch,27,furniture,bed,217,172,1,256502.53,3,19,bed,0
0125171_neurosketch,27,furniture,chair,218,173,0,259501.96,3,21,chair,1
0125171_neurosketch,27,furniture,chair,218,174,0,259501.96,3,21,chair,0
0125171_neurosketch,27,furniture,chair,218,175,0,259501.96,3,21,chair,0
0125171_neurosketch,27,furniture,chair,218,176,0,259501.96,3,21,chair,0
0125171_neurosketch,27,2,table,219,177,1,265502.31,3,14,table,1
0125171_neurosketch,27,2,table,219,178,1,265502.31,3,14,table,0
0125171_neurosketch,27,2,table,219,179,1,265502.31,3,14,table,0
0125171_neurosketch,27,furniture,bench,220,180,0,270001.92,3,3,bench,1
0125171_neurosketch,27,furniture,bench,220,181,0,270001.92,3,3,bench,0
0125171_neurosketch,27,furniture,chair,221,182,0,273002.03,3,22,chair,1
0125171_neurosketch,27,furniture,chair,221,183,0,273002.03,3,22,chair,0
0125171_neurosketch,27,furniture,chair,221,184,0,273002.03,3,22,chair,0
0125171_neurosketch,27,furniture,bed,222,185,1,277501.47,3,14,bed,1
0125171_neurosketch,27,furniture,bed,222,186,1,277501.47,3,14,bed,0
0125171_neurosketch,27,furniture,table,223,187,1,280501.71,3,21,table,1
0125171_neurosketch,27,furniture,table,223,188,1,280501.71,3,21,table,0
0125171_neurosketch,27,furniture,table,223,189,1,280501.71,3,21,table,0
0125171_neurosketch,27,furniture,bench,224,190,0,285001.62,3,6,bench,1
0125171_neurosketch,27,furniture,bench,224,191,0,285001.62,3,6,bench,0
0125171_neurosketch,27,furniture,bed,225,192,1,288002.52,3,28,,1
0125171_neurosketch,27,furniture,bed,225,193,1,288002.52,3,28,,0
0125171_neurosketch,27,furniture,bed,225,194,1,288002.52,3,28,,0
0125171_neurosketch,27,furniture,chair,226,195,0,292502.13,3,35,chair,1
0125171_neurosketch,27,furniture,chair,226,196,0,292502.13,3,35,chair,0
0125171_neurosketch,27,furniture,table,227,197,1,295502.21,3,38,table,1
0125171_neurosketch,27,furniture,table,227,198,1,295502.21,3,38,table,0
0125171_neurosketch,27,furniture,table,227,199,1,295502.21,3,38,table,0
0125171_neurosketch,27,furniture,bed,228,200,1,300001.52,3,5,bed,1
0125171_neurosketch,27,furniture,bed,228,201,1,300001.52,3,5,bed,0
0125171_neurosketch,27,furniture,bed,228,202,1,300001.52,3,5,bed,0
0125171_neurosketch,27,2,bench,229,203,0,304501.45,3,0,bench,1
0125171_neurosketch,27,2,bench,229,204,0,304501.45,3,0,bench,0
0125171_neurosketch,27,furniture,chair,230,205,0,307500.29,3,2,chair,1
0125171_neurosketch,27,furniture,chair,230,206,0,307500.29,3,2,chair,0
0125171_neurosketch,27,furniture,table,231,207,1,310501.37,3,30,table,1
0125171_neurosketch,27,furniture,table,231,208,1,310501.37,3,30,table,0
0125171_neurosketch,27,furniture,table,232,209,1,313501.1,3,4,table,1
0125171_neurosketch,27,furniture,table,232,210,1,313501.1,3,4,table,0
0125171_neurosketch,27,furniture,table,232,211,1,313501.1,3,4,table,0
0125171_neurosketch,27,furniture,table,232,212,1,313501.1,3,4,table,0
0125171_neurosketch,27,furniture,chair,233,213,0,319502.68,3,23,chair,1
0125171_neurosketch,27,furniture,chair,233,214,0,319502.68,3,23,chair,0
0125171_neurosketch,27,furniture,chair,233,215,0,319502.68,3,23,chair,0
0125171_neurosketch,27,furniture,bench,234,216,0,324001.58,3,32,bench,1
0125171_neurosketch,27,furniture,bench,234,217,0,324001.58,3,32,bench,0
0125171_neurosketch,27,furniture,bed,235,218,1,327000.66,3,39,bed,1
0125171_neurosketch,27,furniture,bed,235,219,1,327000.66,3,39,bed,0
0125171_neurosketch,27,furniture,bed,235,220,1,327000.66,3,39,bed,0
0125171_neurosketch,27,furniture,bed,235,221,1,327000.66,3,39,bed,0
0125171_neurosketch,27,furniture,table,236,222,1,333001.66,3,10,table,1
0125171_neurosketch,27,furniture,table,236,223,1,333001.66,3,10,table,0
0125171_neurosketch,27,furniture,table,236,224,1,333001.66,3,10,table,0
0125171_neurosketch,27,furniture,bench,237,225,0,337502.25,3,19,bench,1
0125171_neurosketch,27,furniture,bench,237,226,0,337502.25,3,19,bench,0
0125171_neurosketch,27,furniture,bench,237,227,0,337502.25,3,19,bench,0
0125171_neurosketch,27,furniture,chair,238,228,0,342002.34,3,24,chair,1
0125171_neurosketch,27,furniture,chair,238,229,0,342002.34,3,24,chair,0
0125171_neurosketch,27,2,bed,239,230,1,345001.81,3,4,bed,1
0125171_neurosketch,27,2,bed,239,231,1,345001.81,3,4,bed,0
0125171_neurosketch,27,2,bed,239,232,1,345001.81,3,4,bed,0
0125171_neurosketch,27,2,bed,239,233,1,345001.81,3,4,bed,0
0125171_neurosketch,27,2,bed,239,234,1,345001.81,3,4,bed,0
0125171_neurosketch,27,2,bed,239,235,1,345001.81,3,4,bed,0
0125171_neurosketch,27,2,bed,239,236,1,345001.81,3,4,bed,0
0125171_neurosketch,27,2,bed,239,237,1,345001.81,3,4,bed,0
0125171_neurosketch,27,2,bed,239,238,1,345001.81,3,4,bed,0
0125171_neurosketch,27,2,bed,239,239,1,345001.81,3,4,bed,0
0125171_neurosketch,27,furniture,table,240,0,-1,0.0,4,37,table,0
0125171_neurosketch,27,furniture,table,240,1,-1,0.0,4,37,table,0
0125171_neurosketch,27,furniture,table,240,2,-1,0.0,4,37,table,0
0125171_neurosketch,27,furniture,table,240,3,-1,0.0,4,37,table,0
0125171_neurosketch,27,furniture,table,240,4,-1,0.0,4,37,table,0
0125171_neurosketch,27,furniture,table,240,5,-1,0.0,4,37,table,0
0125171_neurosketch,27,furniture,table,240,6,-1,0.0,4,37,table,0
0125171_neurosketch,27,furniture,table,240,7,-1,0.0,4,37,table,0
0125171_neurosketch,27,furniture,table,240,8,1,12001.49,4,37,table,1
0125171_neurosketch,27,furniture,table,240,9,1,12001.49,4,37,table,0
0125171_neurosketch,27,furniture,chair,241,10,0,15001.72,4,5,chair,1
0125171_neurosketch,27,furniture,chair,241,11,0,15001.72,4,5,chair,0
0125171_neurosketch,27,furniture,chair,241,12,0,15001.72,4,5,chair,0
0125171_neurosketch,27,furniture,chair,241,13,0,15001.72,4,5,chair,0
0125171_neurosketch,27,furniture,bench,242,14,0,21000.72,4,28,bench,1
0125171_neurosketch,27,furniture,bench,242,15,0,21000.72,4,28,bench,0
0125171_neurosketch,27,furniture,bench,242,16,0,21000.72,4,28,bench,0
0125171_neurosketch,27,furniture,bed,243,17,1,25501.73,4,1,bed,1
0125171_neurosketch,27,furniture,bed,243,18,1,25501.73,4,1,bed,0
0125171_neurosketch,27,furniture,bed,243,19,1,25501.73,4,1,bed,0
0125171_neurosketch,27,furniture,bench,244,20,0,30001.5,4,16,bench,1
0125171_neurosketch,27,furniture,bench,244,21,0,30001.5,4,16,bench,0
0125171_neurosketch,27,furniture,table,245,22,1,33001.61,4,16,table,1
0125171_neurosketch,27,furniture,table,245,23,1,33001.61,4,16,table,0
0125171_neurosketch,27,furniture,bed,246,24,1,36002.44,4,33,bed,1
0125171_neurosketch,27,furniture,bed,246,25,1,36002.44,4,33,bed,0
0125171_neurosketch,27,furniture,bed,246,26,1,36002.44,4,33,bed,0
0125171_neurosketch,27,furniture,chair,247,27,0,40501.38,4,1,chair,1
0125171_neurosketch,27,furniture,chair,247,28,0,40501.38,4,1,chair,0
0125171_neurosketch,27,furniture,chair,248,29,0,43502.75,4,28,chair,1
0125171_neurosketch,27,furniture,chair,248,30,0,43502.75,4,28,chair,0
0125171_neurosketch,27,furniture,chair,248,31,0,43502.75,4,28,chair,0
0125171_neurosketch,27,furniture,chair,248,32,0,43502.75,4,28,chair,0
0125171_neurosketch,27,2,bench,249,33,0,49502.85,4,20,bench,1
0125171_neurosketch,27,2,bench,249,34,0,49502.85,4,20,bench,0
0125171_neurosketch,27,2,bench,249,35,0,49502.85,4,20,bench,0
0125171_neurosketch,27,2,bench,249,36,0,49502.85,4,20,bench,0
0125171_neurosketch,27,furniture,table,250,37,1,55501.47,4,19,table,1
0125171_neurosketch,27,furniture,table,250,38,1,55501.47,4,19,table,0
0125171_neurosketch,27,furniture,table,250,39,1,55501.47,4,19,table,0
0125171_neurosketch,27,furniture,bed,251,40,1,60001.74,4,23,bed,1
0125171_neurosketch,27,furniture,bed,251,41,1,60001.74,4,23,bed,0
0125171_neurosketch,27,furniture,bed,251,42,1,60001.74,4,23,bed,0
0125171_neurosketch,27,furniture,bed,251,43,1,60001.74,4,23,bed,0
0125171_neurosketch,27,furniture,table,252,44,1,66001.13,4,26,table,1
0125171_neurosketch,27,furniture,table,252,45,1,66001.13,4,26,table,0
0125171_neurosketch,27,furniture,table,252,46,1,66001.13,4,26,table,0
0125171_neurosketch,27,furniture,table,252,47,1,66001.13,4,26,table,0
0125171_neurosketch,27,furniture,bench,253,48,0,72002.71,4,23,bench,1
0125171_neurosketch,27,furniture,bench,253,49,0,72002.71,4,23,bench,0
0125171_neurosketch,27,furniture,bench,253,50,0,72002.71,4,23,bench,0
0125171_neurosketch,27,furniture,bed,254,51,1,76502.11,4,8,bed,1
0125171_neurosketch,27,furniture,bed,254,52,1,76502.11,4,8,bed,0
0125171_neurosketch,27,furniture,chair,255,53,0,79501.83,4,34,chair,1
0125171_neurosketch,27,furniture,chair,255,54,0,79501.83,4,34,chair,0
0125171_neurosketch,27,furniture,chair,255,55,0,79501.83,4,34,chair,0
0125171_neurosketch,27,furniture,chair,256,56,0,84003.43,4,18,chair,1
0125171_neurosketch,27,furniture,chair,256,57,0,84003.43,4,18,chair,0
0125171_neurosketch,27,furniture,chair,256,58,0,84003.43,4,18,chair,0
0125171_neurosketch,27,furniture,table,257,59,1,88501.19,4,34,table,1
0125171_neurosketch,27,furniture,table,257,60,1,88501.19,4,34,table,0
0125171_neurosketch,27,furniture,bed,258,61,1,91501.71,4,22,table,1
0125171_neurosketch,27,furniture,bed,258,62,1,91501.71,4,22,table,0
0125171_neurosketch,27,furniture,bed,258,63,1,91501.71,4,22,table,0
0125171_neurosketch,27,furniture,bed,258,64,1,91501.71,4,22,table,0
0125171_neurosketch,27,2,bench,259,65,0,97501.94,4,13,bench,1
0125171_neurosketch,27,2,bench,259,66,0,97501.94,4,13,bench,0
0125171_neurosketch,27,2,bench,259,67,0,97501.94,4,13,bench,0
0125171_neurosketch,27,furniture,chair,260,68,0,102001.6,4,3,chair,1
0125171_neurosketch,27,furniture,chair,260,69,0,102001.6,4,3,chair,0
0125171_neurosketch,27,furniture,bench,261,70,0,105003.68,4,36,bench,1
0125171_neurosketch,27,furniture,bench,261,71,0,105003.68,4,36,bench,0
0125171_neurosketch,27,furniture,bench,261,72,0,105003.68,4,36,bench,0
0125171_neurosketch,27,furniture,bed,262,73,1,109502.17,4,2,bed,1
0125171_neurosketch,27,furniture,bed,262,74,1,109502.17,4,2,bed,0
0125171_neurosketch,27,furniture,table,263,75,1,112502.03,4,1,table,1
0125171_neurosketch,27,furniture,table,263,76,1,112502.03,4,1,table,0
0125171_neurosketch,27,furniture,table,263,77,1,112502.03,4,1,table,0
0125171_neurosketch,27,furniture,bench,264,78,0,117001.56,4,11,bench,1
0125171_neurosketch,27,furniture,bench,264,79,0,117001.56,4,11,bench,0
0125171_neurosketch,27,furniture,chair,265,80,0,120001.58,4,14,chair,1
0125171_neurosketch,27,furniture,chair,265,81,0,120001.58,4,14,chair,0
0125171_neurosketch,27,furniture,chair,265,82,0,120001.58,4,14,chair,0
0125171_neurosketch,27,furniture,bed,266,83,1,124501.61,4,16,bed,1
0125171_neurosketch,27,furniture,bed,266,84,1,124501.61,4,16,bed,0
0125171_neurosketch,27,furniture,table,267,85,1,127501.47,4,5,table,1
0125171_neurosketch,27,furniture,table,267,86,1,127501.47,4,5,table,0
0125171_neurosketch,27,furniture,table,267,87,1,127501.47,4,5,table,0
0125171_neurosketch,27,furniture,bench,268,88,0,132002.24,4,4,bench,1
0125171_neurosketch,27,furniture,bench,268,89,0,132002.24,4,4,bench,0
0125171_neurosketch,27,furniture,bench,268,90,0,132002.24,4,4,bench,0
0125171_neurosketch,27,2,bed,269,91,1,136501.53,4,3,bed,1
0125171_neurosketch,27,2,bed,269,92,1,136501.53,4,3,bed,0
0125171_neurosketch,27,furniture,table,270,93,1,139501.59,4,6,table,1
0125171_neurosketch,27,furniture,table,270,94,1,139501.59,4,6,table,0
0125171_neurosketch,27,furniture,chair,271,95,0,142501.46,4,11,chair,1
0125171_neurosketch,27,furniture,chair,271,96,0,142501.46,4,11,chair,0
0125171_neurosketch,27,furniture,bed,272,97,1,145501.81,4,15,bed,1
0125171_neurosketch,27,furniture,bed,272,98,1,145501.81,4,15,bed,0
0125171_neurosketch,27,furniture,bed,272,99,1,145501.81,4,15,bed,0
0125171_neurosketch,27,furniture,bed,272,100,1,145501.81,4,15,bed,0
0125171_neurosketch,27,furniture,table,273,101,1,151500.96,4,33,table,1
0125171_neurosketch,27,furniture,table,273,102,1,151500.96,4,33,table,0
0125171_neurosketch,27,furniture,table,273,103,1,151500.96,4,33,table,0
0125171_neurosketch,27,furniture,bench,274,104,0,156001.52,4,12,bench,1
0125171_neurosketch,27,furniture,bench,274,105,0,156001.52,4,12,bench,0
0125171_neurosketch,27,furniture,chair,275,106,0,159002.15,4,31,chair,1
0125171_neurosketch,27,furniture,chair,275,107,0,159002.15,4,31,chair,0
0125171_neurosketch,27,furniture,chair,275,108,0,159002.15,4,31,chair,0
0125171_neurosketch,27,furniture,chair,275,109,0,159002.15,4,31,chair,0
0125171_neurosketch,27,furniture,table,276,110,1,165002.3,4,11,table,1
0125171_neurosketch,27,furniture,table,276,111,1,165002.3,4,11,table,0
0125171_neurosketch,27,furniture,table,276,112,1,165002.3,4,11,table,0
0125171_neurosketch,27,furniture,bench,277,113,0,169501.29,4,15,bench,1
0125171_neurosketch,27,furniture,bench,277,114,0,169501.29,4,15,bench,0
0125171_neurosketch,27,furniture,bench,277,115,0,169501.29,4,15,bench,0
0125171_neurosketch,27,furniture,chair,278,116,0,174001.14,4,0,chair,1
0125171_neurosketch,27,furniture,chair,278,117,0,174001.14,4,0,chair,0
0125171_neurosketch,27,2,bed,279,118,1,177001.79,4,35,bed,1
0125171_neurosketch,27,2,bed,279,119,1,177001.79,4,35,bed,0
0125171_neurosketch,27,furniture,table,280,120,1,180000.84,4,8,table,1
0125171_neurosketch,27,furniture,table,280,121,1,180000.84,4,8,table,0
0125171_neurosketch,27,furniture,chair,281,122,0,183001.96,4,4,chair,1
0125171_neurosketch,27,furniture,chair,281,123,0,183001.96,4,4,chair,0
0125171_neurosketch,27,furniture,chair,281,124,0,183001.96,4,4,chair,0
0125171_neurosketch,27,furniture,chair,281,125,0,183001.96,4,4,chair,0
0125171_neurosketch,27,furniture,bench,282,126,0,189001.92,4,31,bench,1
0125171_neurosketch,27,furniture,bench,282,127,0,189001.92,4,31,bench,0
0125171_neurosketch,27,furniture,bench,282,128,0,189001.92,4,31,bench,0
0125171_neurosketch,27,furniture,bed,283,129,1,193501.61,4,12,table,1
0125171_neurosketch,27,furniture,bed,283,130,1,193501.61,4,12,table,0
0125171_neurosketch,27,furniture,bed,283,131,1,193501.61,4,12,table,0
0125171_neurosketch,27,furniture,bed,284,132,1,198000.66,4,34,,1
0125171_neurosketch,27,furniture,bed,284,133,1,198000.66,4,34,,0
0125171_neurosketch,27,furniture,table,285,134,1,201001.27,4,3,table,1
0125171_neurosketch,27,furniture,table,285,135,1,201001.27,4,3,table,0
0125171_neurosketch,27,furniture,chair,286,136,0,204002.31,4,32,chair,1
0125171_neurosketch,27,furniture,chair,286,137,0,204002.31,4,32,chair,0
0125171_neurosketch,27,furniture,chair,286,138,0,204002.31,4,32,chair,0
0125171_neurosketch,27,furniture,bench,287,139,0,208501.08,4,10,bench,1
0125171_neurosketch,27,furniture,bench,287,140,0,208501.08,4,10,bench,0
0125171_neurosketch,27,furniture,chair,288,141,0,211502.13,4,39,chair,1
0125171_neurosketch,27,furniture,chair,288,142,0,211502.13,4,39,chair,0
0125171_neurosketch,27,furniture,chair,288,143,0,211502.13,4,39,chair,0
0125171_neurosketch,27,furniture,chair,288,144,0,211502.13,4,39,chair,0
0125171_neurosketch,27,2,bench,289,145,0,217501.81,4,18,bench,1
0125171_neurosketch,27,2,bench,289,146,0,217501.81,4,18,bench,0
0125171_neurosketch,27,2,bench,289,147,0,217501.81,4,18,bench,0
0125171_neurosketch,27,2,bench,289,148,0,217501.81,4,18,bench,0
0125171_neurosketch,27,furniture,bed,290,149,1,223502.26,4,13,bed,1
0125171_neurosketch,27,furniture,bed,290,150,1,223502.26,4,13,bed,0
0125171_neurosketch,27,furniture,bed,290,151,1,223502.26,4,13,bed,0
0125171_neurosketch,27,furniture,table,291,152,1,228002.17,4,15,table,1
0125171_neurosketch,27,furniture,table,291,153,1,228002.17,4,15,table,0
0125171_neurosketch,27,furniture,table,291,154,1,228002.17,4,15,table,0
0125171_neurosketch,27,furniture,table,291,155,1,228002.17,4,15,table,0
0125171_neurosketch,27,furniture,bed,292,156,1,234002.29,4,24,bed,1
0125171_neurosketch,27,furniture,bed,292,157,1,234002.29,4,24,bed,0
0125171_neurosketch,27,furniture,bed,292,158,1,234002.29,4,24,bed,0
0125171_neurosketch,27,furniture,bed,292,159,1,234002.29,4,24,bed,0
0125171_neurosketch,27,furniture,table,293,160,1,240001.27,4,28,table,1
0125171_neurosketch,27,furniture,table,293,161,1,240001.27,4,28,table,0
0125171_neurosketch,27,furniture,table,293,162,1,240001.27,4,28,table,0
0125171_neurosketch,27,furniture,chair,294,163,0,244502.03,4,13,chair,1
0125171_neurosketch,27,furniture,chair,294,164,0,244502.03,4,13,chair,0
0125171_neurosketch,27,furniture,bench,295,165,0,247501.5,4,2,bench,1
0125171_neurosketch,27,furniture,bench,295,166,0,247501.5,4,2,bench,0
0125171_neurosketch,27,furniture,bench,295,167,0,247501.5,4,2,bench,0
0125171_neurosketch,27,furniture,table,296,168,1,252001.59,4,29,table,1
0125171_neurosketch,27,furniture,table,296,169,1,252001.59,4,29,table,0
0125171_neurosketch,27,furniture,table,296,170,1,252001.59,4,29,table,0
0125171_neurosketch,27,furniture,bench,297,171,0,256502.08,4,39,bench,1
0125171_neurosketch,27,furniture,bench,297,172,0,256502.08,4,39,bench,0
0125171_neurosketch,27,furniture,chair,298,173,0,259501.99,4,37,chair,1
0125171_neurosketch,27,furniture,chair,298,174,0,259501.99,4,37,chair,0
0125171_neurosketch,27,furniture,chair,298,175,0,259501.99,4,37,chair,0
0125171_neurosketch,27,furniture,chair,298,176,0,259501.99,4,37,chair,0
0125171_neurosketch,27,2,bed,299,177,1,265501.19,4,31,bed,1
0125171_neurosketch,27,2,bed,299,178,1,265501.19,4,31,bed,0
0125171_neurosketch,27,2,bed,299,179,1,265501.19,4,31,bed,0
0125171_neurosketch,27,furniture,chair,300,180,0,270002.1,4,36,chair,1
0125171_neurosketch,27,furniture,chair,300,181,0,270002.1,4,36,chair,0
0125171_neurosketch,27,furniture,bed,301,182,1,273000.33,4,32,bed,1
0125171_neurosketch,27,furniture,bed,301,183,1,273000.33,4,32,bed,0
0125171_neurosketch,27,furniture,bed,301,184,1,273000.33,4,32,bed,0
0125171_neurosketch,27,furniture,bench,302,185,0,277502.03,4,24,bench,1
0125171_neurosketch,27,furniture,bench,302,186,0,277502.03,4,24,bench,0
0125171_neurosketch,27,furniture,table,303,187,1,280501.25,4,2,table,1
0125171_neurosketch,27,furniture,table,303,188,1,280501.25,4,2,table,0
0125171_neurosketch,27,furniture,table,303,189,1,280501.25,4,2,table,0
0125171_neurosketch,27,furniture,bed,304,190,1,285001.77,4,7,bed,1
0125171_neurosketch,27,furniture,bed,304,191,1,285001.77,4,7,bed,0
0125171_neurosketch,27,furniture,table,305,192,1,288001.75,4,23,table,1
0125171_neurosketch,27,furniture,table,305,193,1,288001.75,4,23,table,0
0125171_neurosketch,27,furniture,table,305,194,1,288001.75,4,23,table,0
0125171_neurosketch,27,furniture,chair,306,195,0,292502.05,4,29,chair,1
0125171_neurosketch,27,furniture,chair,306,196,0,292502.05,4,29,chair,0
0125171_neurosketch,27,furniture,bench,307,197,0,295502.19,4,27,bench,1
0125171_neurosketch,27,furniture,bench,307,198,0,295502.19,4,27,bench,0
0125171_neurosketch,27,furniture,bench,307,199,0,295502.19,4,27,bench,0
0125171_neurosketch,27,furniture,table,308,200,1,300002.06,4,13,table,1
0125171_neurosketch,27,furniture,table,308,201,1,300002.06,4,13,table,0
0125171_neurosketch,27,furniture,table,308,202,1,300002.06,4,13,table,0
0125171_neurosketch,27,2,bed,309,203,1,304501.27,4,21,bed,1
0125171_neurosketch,27,2,bed,309,204,1,304501.27,4,21,bed,0
0125171_neurosketch,27,furniture,bench,310,205,0,307501.77,4,35,bench,1
0125171_neurosketch,27,furniture,bench,310,206,0,307501.77,4,35,bench,0
0125171_neurosketch,27,furniture,chair,311,207,0,310501.38,4,19,chair,1
0125171_neurosketch,27,furniture,chair,311,208,0,310501.38,4,19,chair,0
0125171_neurosketch,27,furniture,bench,312,209,0,313501.88,4,38,chair,1
0125171_neurosketch,27,furniture,bench,312,210,0,313501.88,4,38,chair,0
0125171_neurosketch,27,furniture,bench,312,211,0,313501.88,4,38,chair,0
0125171_neurosketch,27,furniture,bench,312,212,0,313501.88,4,38,chair,0
0125171_neurosketch,27,furniture,table,313,213,1,319502.6,4,35,table,1
0125171_neurosketch,27,furniture,table,313,214,1,319502.6,4,35,table,0
0125171_neurosketch,27,furniture,table,313,215,1,319502.6,4,35,table,0
0125171_neurosketch,27,furniture,chair,314,216,0,324002.19,4,27,chair,1
0125171_neurosketch,27,furniture,chair,314,217,0,324002.19,4,27,chair,0
0125171_neurosketch,27,furniture,bed,315,218,1,327002.44,4,30,bed,1
0125171_neurosketch,27,furniture,bed,315,219,1,327002.44,4,30,bed,0
0125171_neurosketch,27,furniture,bed,315,220,1,327002.44,4,30,bed,0
0125171_neurosketch,27,furniture,bed,315,221,1,327002.44,4,30,bed,0
0125171_neurosketch,27,furniture,table,316,222,1,333002.34,4,24,table,1
0125171_neurosketch,27,furniture,table,316,223,1,333002.34,4,24,table,0
0125171_neurosketch,27,furniture,table,316,224,1,333002.34,4,24,table,0
0125171_neurosketch,27,furniture,bed,317,225,1,337501.56,4,38,bed,1
0125171_neurosketch,27,furniture,bed,317,226,1,337501.56,4,38,bed,0
0125171_neurosketch,27,furniture,bed,317,227,1,337501.56,4,38,bed,0
0125171_neurosketch,27,furniture,bench,318,228,0,342002.31,4,14,bench,1
0125171_neurosketch,27,furniture,bench,318,229,0,342002.31,4,14,bench,0
0125171_neurosketch,27,2,chair,319,230,0,345003.16,4,30,chair,1
0125171_neurosketch,27,2,chair,319,231,0,345003.16,4,30,chair,0
0125171_neurosketch,27,2,chair,319,232,0,345003.16,4,30,chair,0
0125171_neurosketch,27,2,chair,319,233,0,345003.16,4,30,chair,0
0125171_neurosketch,27,2,chair,319,234,0,345003.16,4,30,chair,0
0125171_neurosketch,27,2,chair,319,235,0,345003.16,4,30,chair,0
0125171_neurosketch,27,2,chair,319,236,0,345003.16,4,30,chair,0
0125171_neurosketch,27,2,chair,319,237,0,345003.16,4,30,chair,0
0125171_neurosketch,27,2,chair,319,238,0,345003.16,4,30,chair,0
0125171_neurosketch,27,2,chair,319,239,0,345003.16,4,30,chair,0
0125171_neurosketch,27,furniture,chair,360,0,-1,0.0,9,30,,0
0125171_neurosketch,27,furniture,chair,360,1,-1,0.0,9,30,,0
0125171_neurosketch,27,furniture,chair,360,2,-1,0.0,9,30,,0
0125171_neurosketch,27,furniture,chair,360,3,-1,0.0,9,30,,0
0125171_neurosketch,27,furniture,chair,360,4,-1,0.0,9,30,,0
0125171_neurosketch,27,furniture,chair,360,5,-1,0.0,9,30,,0
0125171_neurosketch,27,furniture,chair,360,6,-1,0.0,9,30,,0
0125171_neurosketch,27,furniture,chair,360,7,-1,0.0,9,30,,0
0125171_neurosketch,27,furniture,chair,360,8,0,12002.31,9,30,,1
0125171_neurosketch,27,furniture,chair,360,9,0,12002.31,9,30,,0
0125171_neurosketch,27,furniture,bench,361,10,0,15001.43,9,14,chair,1
0125171_neurosketch,27,furniture,bench,361,11,0,15001.43,9,14,chair,0
0125171_neurosketch,27,furniture,bench,361,12,0,15001.43,9,14,chair,0
0125171_neurosketch,27,furniture,bench,361,13,0,15001.43,9,14,chair,0
0125171_neurosketch,27,furniture,bed,362,14,1,21002.29,9,38,bed,1
0125171_neurosketch,27,furniture,bed,362,15,1,21002.29,9,38,bed,0
0125171_neurosketch,27,furniture,bed,362,16,1,21002.29,9,38,bed,0
0125171_neurosketch,27,furniture,table,363,17,1,25500.61,9,24,table,1
0125171_neurosketch,27,furniture,table,363,18,1,25500.61,9,24,table,0
0125171_neurosketch,27,furniture,table,363,19,1,25500.61,9,24,table,0
0125171_neurosketch,27,furniture,bed,364,20,1,30001.46,9,30,bed,1
0125171_neurosketch,27,furniture,bed,364,21,1,30001.46,9,30,bed,0
0125171_neurosketch,27,furniture,chair,365,22,0,33001.15,9,27,chair,1
0125171_neurosketch,27,furniture,chair,365,23,0,33001.15,9,27,chair,0
0125171_neurosketch,27,furniture,table,366,24,1,36000.42,9,35,table,1
0125171_neurosketch,27,furniture,table,366,25,1,36000.42,9,35,table,0
0125171_neurosketch,27,furniture,table,366,26,1,36000.42,9,35,table,0
0125171_neurosketch,27,furniture,bench,367,27,0,40501.67,9,38,bench,1
0125171_neurosketch,27,furniture,bench,367,28,0,40501.67,9,38,bench,0
0125171_neurosketch,27,furniture,chair,368,29,0,43501.35,9,19,chair,1
0125171_neurosketch,27,furniture,chair,368,30,0,43501.35,9,19,chair,0
0125171_neurosketch,27,furniture,chair,368,31,0,43501.35,9,19,chair,0
0125171_neurosketch,27,furniture,chair,368,32,0,43501.35,9,19,chair,0
0125171_neurosketch,27,2,bench,369,33,0,49501.74,9,35,bench,1
0125171_neurosketch,27,2,bench,369,34,0,49501.74,9,35,bench,0
0125171_neurosketch,27,2,bench,369,35,0,49501.74,9,35,bench,0
0125171_neurosketch,27,2,bench,369,36,0,49501.74,9,35,bench,0
0125171_neurosketch,27,furniture,bed,370,37,1,55501.58,9,21,bed,1
0125171_neurosketch,27,furniture,bed,370,38,1,55501.58,9,21,bed,0
0125171_neurosketch,27,furniture,bed,370,39,1,55501.58,9,21,bed,0
0125171_neurosketch,27,furniture,table,371,40,1,60000.75,9,13,table,1
0125171_neurosketch,27,furniture,table,371,41,1,60000.75,9,13,table,0
0125171_neurosketch,27,furniture,table,371,42,1,60000.75,9,13,table,0
0125171_neurosketch,27,furniture,table,371,43,1,60000.75,9,13,table,0
0125171_neurosketch,27,furniture,bench,372,44,0,66001.5,9,27,bench,1
0125171_neurosketch,27,furniture,bench,372,45,0,66001.5,9,27,bench,0
0125171_neurosketch,27,furniture,bench,372,46,0,66001.5,9,27,bench,0
0125171_neurosketch,27,furniture,bench,372,47,0,66001.5,9,27,bench,0
0125171_neurosketch,27,furniture,chair,373,48,0,72003.01,9,29,chair,1
0125171_neurosketch,27,furniture,chair,373,49,0,72003.01,9,29,chair,0
0125171_neurosketch,27,furniture,chair,373,50,0,72003.01,9,29,chair,0
0125171_neurosketch,27,furniture,table,374,51,1,76501.61,9,23,table,1
0125171_neurosketch,27,furniture,table,374,52,1,76501.61,9,23,table,0
0125171_neurosketch,27,furniture,bed,375,53,1,79501.09,9,7,bed,1
0125171_neurosketch,27,furniture,bed,375,54,1,79501.09,9,7,bed,0
0125171_neurosketch,27,furniture,bed,375,55,1,79501.09,9,7,bed,0
0125171_neurosketch,27,furniture,table,376,56,1,84002.62,9,2,bed,1
0125171_neurosketch,27,furniture,table,376,57,1,84002.62,9,2,bed,0
0125171_neurosketch,27,furniture,table,376,58,1,84002.62,9,2,bed,0
0125171_neurosketch,27,furniture,bench,377,59,0,88501.14,9,24,bench,1
0125171_neurosketch,27,furniture,bench,377,60,0,88501.14,9,24,bench,0
0125171_neurosketch,27,furniture,bed,378,61,1,91502.61,9,32,bed,1
0125171_neurosketch,27,furniture,bed,378,62,1,91502.61,9,32,bed,0
0125171_neurosketch,27,furniture,bed,378,63,1,91502.61,9,32,bed,0
0125171_neurosketch,27,furniture,bed,378,64,1,91502.61,9,32,bed,0
0125171_neurosketch,27,2,chair,379,65,0,97502.29,9,36,chair,1
0125171_neurosketch,27,2,chair,379,66,0,97502.29,9,36,chair,0
0125171_neurosketch,27,2,chair,379,67,0,97502.29,9,36,chair,0
0125171_neurosketch,27,furniture,bed,380,68,1,102000.71,9,31,bed,1
0125171_neurosketch,27,furniture,bed,380,69,1,102000.71,9,31,bed,0
0125171_neurosketch,27,furniture,chair,381,70,0,105001.58,9,37,chair,1
0125171_neurosketch,27,furniture,chair,381,71,0,105001.58,9,37,chair,0
0125171_neurosketch,27,furniture,chair,381,72,0,105001.58,9,37,chair,0
0125171_neurosketch,27,furniture,bench,382,73,0,109500.95,9,39,bench,1
0125171_neurosketch,27,furniture,bench,382,74,0,109500.95,9,39,bench,0
0125171_neurosketch,27,furniture,table,383,75,1,112502.67,9,29,table,1
0125171_neurosketch,27,furniture,table,383,76,1,112502.67,9,29,table,0
0125171_neurosketch,27,furniture,table,383,77,1,112502.67,9,29,table,0
0125171_neurosketch,27,furniture,bench,384,78,0,117001.12,9,2,bench,1
0125171_neurosketch,27,furniture,bench,384,79,0,117001.12,9,2,bench,0
0125171_neurosketch,27,furniture,chair,385,80,0,120001.45,9,13,chair,1
0125171_neurosketch,27,furniture,chair,385,81,0,120001.45,9,13,chair,0
0125171_neurosketch,27,furniture,chair,385,82,0,120001.45,9,13,chair,0
0125171_neurosketch,27,furniture,table,386,83,1,124502.21,9,28,table,1
0125171_neurosketch,27,furniture,table,386,84,1,124502.21,9,28,table,0
0125171_neurosketch,27,furniture,bed,387,85,1,127501.54,9,24,bed,1
0125171_neurosketch,27,furniture,bed,387,86,1,127501.54,9,24,bed,0
0125171_neurosketch,27,furniture,bed,387,87,1,127501.54,9,24,bed,0
0125171_neurosketch,27,furniture,table,388,88,1,132001.59,9,15,table,1
0125171_neurosketch,27,furniture,table,388,89,1,132001.59,9,15,table,0
0125171_neurosketch,27,furniture,table,388,90,1,132001.59,9,15,table,0
0125171_neurosketch,27,2,bed,389,91,1,136502.03,9,13,bed,1
0125171_neurosketch,27,2,bed,389,92,1,136502.03,9,13,bed,0
0125171_neurosketch,27,furniture,bench,390,93,0,139502.11,9,18,bench,1
0125171_neurosketch,27,furniture,bench,390,94,0,139502.11,9,18,bench,0
0125171_neurosketch,27,furniture,chair,391,95,0,142502.08,9,39,chair,1
0125171_neurosketch,27,furniture,chair,391,96,0,142502.08,9,39,chair,0
0125171_neurosketch,27,furniture,bench,392,97,0,145501.68,9,10,bench,1
0125171_neurosketch,27,furniture,bench,392,98,0,145501.68,9,10,bench,0
0125171_neurosketch,27,furniture,bench,392,99,0,145501.68,9,10,bench,0
0125171_neurosketch,27,furniture,bench,392,100,0,145501.68,9,10,bench,0
0125171_neurosketch,27,furniture,chair,393,101,0,151502.2,9,32,chair,1
0125171_neurosketch,27,furniture,chair,393,102,0,151502.2,9,32,chair,0
0125171_neurosketch,27,furniture,chair,393,103,0,151502.2,9,32,chair,0
0125171_neurosketch,27,furniture,table,394,104,1,156002.33,9,3,table,1
0125171_neurosketch,27,furniture,table,394,105,1,156002.33,9,3,table,0
0125171_neurosketch,27,furniture,bed,395,106,1,159002.3,9,34,table,1
0125171_neurosketch,27,furniture,bed,395,107,1,159002.3,9,34,table,0
0125171_neurosketch,27,furniture,bed,395,108,1,159002.3,9,34,table,0
0125171_neurosketch,27,furniture,bed,395,109,1,159002.3,9,34,table,0
0125171_neurosketch,27,furniture,bed,396,110,1,165001.71,9,12,bed,1
0125171_neurosketch,27,furniture,bed,396,111,1,165001.71,9,12,bed,0
0125171_neurosketch,27,furniture,bed,396,112,1,165001.71,9,12,bed,0
0125171_neurosketch,27,furniture,bench,397,113,0,169501.66,9,31,bench,1
0125171_neurosketch,27,furniture,bench,397,114,0,169501.66,9,31,bench,0
0125171_neurosketch,27,furniture,bench,397,115,0,169501.66,9,31,bench,0
0125171_neurosketch,27,furniture,chair,398,116,0,174002.93,9,4,chair,1
0125171_neurosketch,27,furniture,chair,398,117,0,174002.93,9,4,chair,0
0125171_neurosketch,27,2,table,399,118,1,177001.7,9,8,table,1
0125171_neurosketch,27,2,table,399,119,1,177001.7,9,8,table,0
0125171_neurosketch,27,furniture,bed,400,120,1,180002.36,9,35,bed,1
0125171_neurosketch,27,furniture,bed,400,121,1,180002.36,9,35,bed,0
0125171_neurosketch,27,furniture,chair,401,122,0,183002.55,9,0,chair,1
0125171_neurosketch,27,furniture,chair,401,123,0,183002.55,9,0,chair,0
0125171_neurosketch,27,furniture,chair,401,124,0,183002.55,9,0,chair,0
0125171_neurosketch,27,furniture,chair,401,125,0,183002.55,9,0,chair,0
0125171_neurosketch,27,furniture,bench,402,126,0,189001.19,9,15,bench,1
0125171_neurosketch,27,furniture,bench,402,127,0,189001.19,9,15,bench,0
0125171_neurosketch,27,furniture,bench,402,128,0,189001.19,9,15,bench,0
0125171_neurosketch,27,furniture,table,403,129,1,193501.67,9,11,table,1
0125171_neurosketch,27,furniture,table,403,130,1,193501.67,9,11,table,0
0125171_neurosketch,27,furniture,table,403,131,1,193501.67,9,11,table,0
0125171_neurosketch,27,furniture,chair,404,132,0,198001.67,9,31,chair,1
0125171_neurosketch,27,furniture,chair,404,133,0,198001.67,9,31,chair,0
0125171_neurosketch,27,furniture,bench,405,134,0,201001.5,9,12,bench,1
0125171_neurosketch,27,furniture,bench,405,135,0,201001.5,9,12,bench,0
0125171_neurosketch,27,furniture,table,406,136,1,204001.13,9,33,table,1
0125171_neurosketch,27,furniture,table,406,137,1,204001.13,9,33,table,0
0125171_neurosketch,27,furniture,table,406,138,1,204001.13,9,33,table,0
0125171_neurosketch,27,furniture,bed,407,139,1,208502.23,9,15,bed,1
0125171_neurosketch,27,furniture,bed,407,140,1,208502.23,9,15,bed,0
0125171_neurosketch,27,furniture,chair,408,141,0,211502.18,9,11,,1
0125171_neurosketch,27,furniture,chair,408,142,0,211502.18,9,11,,0
0125171_neurosketch,27,furniture,chair,408,143,0,211502.18,9,11,,0
0125171_neurosketch,27,furniture,chair,408,144,0,211502.18,9,11,,0
0125171_neurosketch,27,2,table,409,145,1,217501.45,9,6,table,1
0125171_neurosketch,27,2,table,409,146,1,217501.45,9,6,table,0
0125171_neurosketch,27,2,table,409,147,1,217501.45,9,6,table,0
0125171_neurosketch,27,2,table,409,148,1,217501.45,9,6,table,0
0125171_neurosketch,27,furniture,bed,410,149,1,223501.71,9,3,bed,1
0125171_neurosketch,27,furniture,bed,410,150,1,223501.71,9,3,bed,0
0125171_neurosketch,27,furniture,bed,410,151,1,223501.71,9,3,bed,0
0125171_neurosketch,27,furniture,bench,411,152,0,228002.67,9,4,bench,1
0125171_neurosketch,27,furniture,bench,411,153,0,228002.67,9,4,bench,0
0125171_neurosketch,27,furniture,bench,411,154,0,228002.67,9,4,bench,0
0125171_neurosketch,27,furniture,bench,411,155,0,228002.67,9,4,bench,0
0125171_neurosketch,27,furniture,table,412,156,1,234002.9,9,5,table,1
0125171_neurosketch,27,furniture,table,412,157,1,234002.9,9,5,table,0
0125171_neurosketch,27,furniture,table,412,158,1,234002.9,9,5,table,0
0125171_neurosketch,27,furniture,table,412,159,1,234002.9,9,5,table,0
0125171_neurosketch,27,furniture,bed,413,160,1,240001.96,9,16,bed,1
0125171_neurosketch,27,furniture,bed,413,161,1,240001.96,9,16,bed,0
0125171_neurosketch,27,furniture,bed,413,162,1,240001.96,9,16,bed,0
0125171_neurosketch,27,furniture,chair,414,163,0,244502.76,9,14,chair,1
0125171_neurosketch,27,furniture,chair,414,164,0,244502.76,9,14,chair,0
0125171_neurosketch,27,furniture,bench,415,165,0,247502.01,9,11,bench,1
0125171_neurosketch,27,furniture,bench,415,166,0,247502.01,9,11,bench,0
0125171_neurosketch,27,furniture,bench,415,167,0,247502.01,9,11,bench,0
0125171_neurosketch,27,furniture,table,416,168,1,252001.95,9,1,table,1
0125171_neurosketch,27,furniture,table,416,169,1,252001.95,9,1,table,0
0125171_neurosketch,27,furniture,table,416,170,1,252001.95,9,1,table,0
0125171_neurosketch,27,furniture,bed,417,171,1,256503.41,9,2,bed,1
0125171_neurosketch,27,furniture,bed,417,172,1,256503.41,9,2,bed,0
0125171_neurosketch,27,furniture,bench,418,173,0,259501.71,9,36,bench,1
0125171_neurosketch,27,furniture,bench,418,174,0,259501.71,9,36,bench,0
0125171_neurosketch,27,furniture,bench,418,175,0,259501.71,9,36,bench,0
0125171_neurosketch,27,furniture,bench,418,176,0,259501.71,9,36,bench,0
0125171_neurosketch,27,2,chair,419,177,0,265502.25,9,3,chair,1
0125171_neurosketch,27,2,chair,419,178,0,265502.25,9,3,chair,0
0125171_neurosketch,27,2,chair,419,179,0,265502.25,9,3,chair,0
0125171_neurosketch,27,furniture,bench,420,180,0,270002.21,9,13,bench,1
0125171_neurosketch,27,furniture,bench,420,181,0,270002.21,9,13,bench,0
0125171_neurosketch,27,furniture,bed,421,182,1,273002.15,9,22,bed,1
0125171_neurosketch,27,furniture,bed,421,183,1,273002.15,9,22,bed,0
0125171_neurosketch,27,furniture,bed,421,184,1,273002.15,9,22,bed,0
0125171_neurosketch,27,furniture,table,422,185,1,277502.37,9,34,table,1
0125171_neurosketch,27,furniture,table,422,186,1,277502.37,9,34,table,0
0125171_neurosketch,27,furniture,chair,423,187,0,280502.69,9,18,chair,1
0125171_neurosketch,27,furniture,chair,423,188,0,280502.69,9,18,chair,0
0125171_neurosketch,27,furniture,chair,423,189,0,280502.69,9,18,chair,0
0125171_neurosketch,27,furniture,chair,424,190,0,285001.88,9,34,chair,1
0125171_neurosketch,27,furniture,chair,424,191,0,285001.88,9,34,chair,0
0125171_neurosketch,27,furniture,bed,425,192,1,288003.25,9,8,bed,1
0125171_neurosketch,27,furniture,bed,425,193,1,288003.25,9,8,bed,0
0125171_neurosketch,27,furniture,bed,425,194,1,288003.25,9,8,bed,0
0125171_neurosketch,27,furniture,bench,426,195,0,292502.22,9,23,bench,1
0125171_neurosketch,27,furniture,bench,426,196,0,292502.22,9,23,bench,0
0125171_neurosketch,27,furniture,table,427,197,1,295502.96,9,26,table,1
0125171_neurosketch,27,furniture,table,427,198,1,295502.96,9,26,table,0
0125171_neurosketch,27,furniture,table,427,199,1,295502.96,9,26,table,0
0125171_neurosketch,27,furniture,bed,428,200,1,300002.39,9,23,bed,1
0125171_neurosketch,27,furniture,bed,428,201,1,300002.39,9,23,bed,0
0125171_neurosketch,27,furniture,bed,428,202,1,300002.39,9,23,bed,0
0125171_neurosketch,27,2,table,429,203,1,304502.28,9,19,table,1
0125171_neurosketch,27,2,table,429,204,1,304502.28,9,19,table,0
0125171_neurosketch,27,furniture,bench,430,205,0,307502.02,9,20,bench,1
0125171_neurosketch,27,furniture,bench,430,206,0,307502.02,9,20,bench,0
0125171_neurosketch,27,furniture,chair,431,207,0,310501.02,9,28,chair,1
0125171_neurosketch,27,furniture,chair,431,208,0,310501.02,9,28,chair,0
0125171_neurosketch,27,furniture,chair,432,209,0,313501.91,9,1,chair,1
0125171_neurosketch,27,furniture,chair,432,210,0,313501.91,9,1,chair,0
0125171_neurosketch,27,furniture,chair,432,211,0,313501.91,9,1,chair,0
0125171_neurosketch,27,furniture,chair,432,212,0,313501.91,9,1,chair,0
0125171_neurosketch,27,furniture,bed,433,213,1,319501.63,9,33,bed,1
0125171_neurosketch,27,furniture,bed,433,214,1,319501.63,9,33,bed,0
0125171_neurosketch,27,furniture,bed,433,215,1,319501.63,9,33,bed,0
0125171_neurosketch,27,furniture,table,434,216,1,324001.3,9,16,table,1
0125171_neurosketch,27,furniture,table,434,217,1,324001.3,9,16,table,0
0125171_neurosketch,27,furniture,bench,435,218,0,327002.41,9,16,bench,1
0125171_neurosketch,27,furniture,bench,435,219,0,327002.41,9,16,bench,0
0125171_neurosketch,27,furniture,bench,435,220,0,327002.41,9,16,bench,0
0125171_neurosketch,27,furniture,bench,435,221,0,327002.41,9,16,bench,0
0125171_neurosketch,27,furniture,bed,436,222,1,333002.57,9,1,bed,1
0125171_neurosketch,27,furniture,bed,436,223,1,333002.57,9,1,bed,0
0125171_neurosketch,27,furniture,bed,436,224,1,333002.57,9,1,bed,0
0125171_neurosketch,27,furniture,bench,437,225,0,337501.34,9,28,bench,1
0125171_neurosketch,27,furniture,bench,437,226,0,337501.34,9,28,bench,0
0125171_neurosketch,27,furniture,bench,437,227,0,337501.34,9,28,bench,0
0125171_neurosketch,27,furniture,chair,438,228,0,342003.13,9,5,chair,1
0125171_neurosketch,27,furniture,chair,438,229,0,342003.13,9,5,chair,0
0125171_neurosketch,27,2,table,439,230,1,345002.38,9,37,table,1
0125171_neurosketch,27,2,table,439,231,1,345002.38,9,37,table,0
0125171_neurosketch,27,2,table,439,232,1,345002.38,9,37,table,0
0125171_neurosketch,27,2,table,439,233,1,345002.38,9,37,table,0
0125171_neurosketch,27,2,table,439,234,1,345002.38,9,37,table,0
0125171_neurosketch,27,2,table,439,235,1,345002.38,9,37,table,0
0125171_neurosketch,27,2,table,439,236,1,345002.38,9,37,table,0
0125171_neurosketch,27,2,table,439,237,1,345002.38,9,37,table,0
0125171_neurosketch,27,2,table,439,238,1,345002.38,9,37,table,0
0125171_neurosketch,27,2,table,439,239,1,345002.38,9,37,table,0
0125171_neurosketch,27,furniture,bed,440,0,-1,0.0,10,4,bed,0
0125171_neurosketch,27,furniture,bed,440,1,-1,0.0,10,4,bed,0
0125171_neurosketch,27,furniture,bed,440,2,-1,0.0,10,4,bed,0
0125171_neurosketch,27,furniture,bed,440,3,-1,0.0,10,4,bed,0
0125171_neurosketch,27,furniture,bed,440,4,-1,0.0,10,4,bed,0
0125171_neurosketch,27,furniture,bed,440,5,-1,0.0,10,4,bed,0
0125171_neurosketch,27,furniture,bed,440,6,-1,0.0,10,4,bed,0
0125171_neurosketch,27,furniture,bed,440,7,-1,0.0,10,4,bed,0
0125171_neurosketch,27,furniture,bed,440,8,1,12002.3,10,4,bed,1
0125171_neurosketch,27,furniture,bed,440,9,1,12002.3,10,4,bed,0
0125171_neurosketch,27,furniture,chair,441,10,0,15001.65,10,24,chair,1
0125171_neurosketch,27,furniture,chair,441,11,0,15001.65,10,24,chair,0
0125171_neurosketch,27,furniture,chair,441,12,0,15001.65,10,24,chair,0
0125171_neurosketch,27,furniture,chair,441,13,0,15001.65,10,24,chair,0
0125171_neurosketch,27,furniture,bench,442,14,0,21000.63,10,19,bench,1
0125171_neurosketch,27,furniture,bench,442,15,0,21000.63,10,19,bench,0
0125171_neurosketch,27,furniture,bench,442,16,0,21000.63,10,19,bench,0
0125171_neurosketch,27,furniture,table,443,17,1,25500.86,10,10,table,1
0125171_neurosketch,27,furniture,table,443,18,1,25500.86,10,10,table,0
0125171_neurosketch,27,furniture,table,443,19,1,25500.86,10,10,table,0
0125171_neurosketch,27,furniture,bed,444,20,1,30001.12,10,39,bed,1
0125171_neurosketch,27,furniture,bed,444,21,1,30001.12,10,39,bed,0
0125171_neurosketch,27,furniture,bench,445,22,0,33002.17,10,32,bench,1
0125171_neurosketch,27,furniture,bench,445,23,0,33002.17,10,32,bench,0
0125171_neurosketch,27,furniture,chair,446,24,0,36001.87,10,23,chair,1
0125171_neurosketch,27,furniture,chair,446,25,0,36001.87,10,23,chair,0
0125171_neurosketch,27,furniture,chair,446,26,0,36001.87,10,23,chair,0
0125171_neurosketch,27,furniture,table,447,27,1,40501.87,10,4,table,1
0125171_neurosketch,27,furniture,table,447,28,1,40501.87,10,4,table,0
0125171_neurosketch,27,furniture,table,448,29,1,43501.84,10,30,table,1
0125171_neurosketch,27,furniture,table,448,30,1,43501.84,10,30,table,0
0125171_neurosketch,27,furniture,table,448,31,1,43501.84,10,30,table,0
0125171_neurosketch,27,furniture,table,448,32,1,43501.84,10,30,table,0
0125171_neurosketch,27,2,chair,449,33,0,49501.82,10,2,chair,1
0125171_neurosketch,27,2,chair,449,34,0,49501.82,10,2,chair,0
0125171_neurosketch,27,2,chair,449,35,0,49501.82,10,2,chair,0
0125171_neurosketch,27,2,chair,449,36,0,49501.82,10,2,chair,0
0125171_neurosketch,27,furniture,bench,450,37,0,55501.62,10,0,bench,1
0125171_neurosketch,27,furniture,bench,450,38,0,55501.62,10,0,bench,0
0125171_neurosketch,27,furniture,bench,450,39,0,55501.62,10,0,bench,0
0125171_neurosketch,27,furniture,bed,451,40,1,60001.71,10,5,bed,1
0125171_neurosketch,27,furniture,bed,451,41,1,60001.71,10,5,bed,0
0125171_neurosketch,27,furniture,bed,451,42,1,60001.71,10,5,bed,0
0125171_neurosketch,27,furniture,bed,451,43,1,60001.71,10,5,bed,0
0125171_neurosketch,27,furniture,table,452,44,1,66002.85,10,38,table,1
0125171_neurosketch,27,furniture,table,452,45,1,66002.85,10,38,table,0
0125171_neurosketch,27,furniture,table,452,46,1,66002.85,10,38,table,0
0125171_neurosketch,27,furniture,table,452,47,1,66002.85,10,38,table,0
0125171_neurosketch,27,furniture,chair,453,48,0,72002.75,10,35,chair,1
0125171_neurosketch,27,furniture,chair,453,49,0,72002.75,10,35,chair,0
0125171_neurosketch,27,furniture,chair,453,50,0,72002.75,10,35,chair,0
0125171_neurosketch,27,furniture,bed,454,51,1,76501.27,10,28,bed,1
0125171_neurosketch,27,furniture,bed,454,52,1,76501.27,10,28,bed,0
0125171_neurosketch,27,furniture,bench,455,53,0,79501.46,10,6,bench,1
0125171_neurosketch,27,furniture,bench,455,54,0,79501.46,10,6,bench,0
0125171_neurosketch,27,furniture,bench,455,55,0,79501.46,10,6,bench,0
0125171_neurosketch,27,furniture,table,456,56,1,84002.73,10,21,table,1
0125171_neurosketch,27,furniture,table,456,57,1,84002.73,10,21,table,0
0125171_neurosketch,27,furniture,table,456,58,1,84002.73,10,21,table,0
0125171_neurosketch,27,furniture,bed,457,59,1,88500.95,10,14,bed,1
0125171_neurosketch,27,furniture,bed,457,60,1,88500.95,10,14,bed,0
0125171_neurosketch,27,furniture,chair,458,61,0,91501.14,10,22,chair,1
0125171_neurosketch,27,furniture,chair,458,62,0,91501.14,10,22,chair,0
0125171_neurosketch,27,furniture,chair,458,63,0,91501.14,10,22,chair,0
0125171_neurosketch,27,furniture,chair,458,64,0,91501.14,10,22,chair,0
0125171_neurosketch,27,2,bench,459,65,0,97503.27,10,3,bench,1
0125171_neurosketch,27,2,bench,459,66,0,97503.27,10,3,bench,0
0125171_neurosketch,27,2,bench,459,67,0,97503.27,10,3,bench,0
0125171_neurosketch,27,furniture,table,460,68,1,102001.78,10,14,table,1
0125171_neurosketch,27,furniture,table,460,69,1,102001.78,10,14,table,0
0125171_neurosketch,27,furniture,chair,461,70,0,105001.66,10,21,chair,1
0125171_neurosketch,27,furniture,chair,461,71,0,105001.66,10,21,chair,0
0125171_neurosketch,27,furniture,chair,461,72,0,105001.66,10,21,chair,0
0125171_neurosketch,27,furniture,bed,462,73,1,109501.99,10,19,bed,1
0125171_neurosketch,27,furniture,bed,462,74,1,109501.99,10,19,bed,0
0125171_neurosketch,27,furniture,bench,463,75,0,112501.91,10,7,bench,1
0125171_neurosketch,27,furniture,bench,463,76,0,112501.91,10,7,bench,0
0125171_neurosketch,27,furniture,bench,463,77,0,112501.91,10,7,bench,0
0125171_neurosketch,27,furniture,chair,464,78,0,117002.17,10,8,chair,1
0125171_neurosketch,27,furniture,chair,464,79,0,117002.17,10,8,chair,0
0125171_neurosketch,27,furniture,table,465,80,1,120002.29,10,31,table,1
0125171_neurosketch,27,furniture,table,465,81,1,120002.29,10,31,table,0
0125171_neurosketch,27,furniture,table,465,82,1,120002.29,10,31,table,0
0125171_neurosketch,27,furniture,bench,466,83,0,124501.62,10,33,bench,1
0125171_neurosketch,27,furniture,bench,466,84,0,124501.62,10,33,bench,0
0125171_neurosketch,27,furniture,bed,467,85,1,127502.03,10,25,bed,1
0125171_neurosketch,27,furniture,bed,467,86,1,127502.03,10,25,bed,0
0125171_neurosketch,27,furniture,bed,467,87,1,127502.03,10,25,bed,0
0125171_neurosketch,27,furniture,table,468,88,1,132001.93,10,0,table,1
0125171_neurosketch,27,furniture,table,468,89,1,132001.93,10,0,table,0
0125171_neurosketch,27,furniture,table,468,90,1,132001.93,10,0,table,0
0125171_neurosketch,27,2,bench,469,91,0,136501.87,10,37,bench,1
0125171_neurosketch,27,2,bench,469,92,0,136501.87,10,37,bench,0
0125171_neurosketch,27,furniture,chair,470,93,0,139501.78,10,6,bench,1
0125171_neurosketch,27,furniture,chair,470,94,0,139501.78,10,6,bench,0
0125171_neurosketch,27,furniture,bed,471,95,1,142502.38,10,9,bed,1
0125171_neurosketch,27,furniture,bed,471,96,1,142502.38,10,9,bed,0
0125171_neurosketch,27,furniture,table,472,97,1,145502.23,10,7,table,1
0125171_neurosketch,27,furniture,table,472,98,1,145502.23,10,7,table,0
0125171_neurosketch,27,furniture,table,472,99,1,145502.23,10,7,table,0
0125171_neurosketch,27,furniture,table,472,100,1,145502.23,10,7,table,0
0125171_neurosketch,27,furniture,bench,473,101,0,151501.67,10,5,bench,1
0125171_neurosketch,27,furniture,bench,473,102,0,151501.67,10,5,bench,0
0125171_neurosketch,27,furniture,bench,473,103,0,151501.67,10,5,bench,0
0125171_neurosketch,27,furniture,bed,474,104,1,156001.72,10,36,table,1
0125171_neurosketch,27,furniture,bed,474,105,1,156001.72,10,36,table,0
0125171_neurosketch,27,furniture,chair,475,106,0,159002.05,10,12,chair,1
0125171_neurosketch,27,furniture,chair,475,107,0,159002.05,10,12,chair,0
0125171_neurosketch,27,furniture,chair,475,108,0,159002.05,10,12,chair,0
0125171_neurosketch,27,furniture,chair,475,109,0,159002.05,10,12,chair,0
0125171_neurosketch,27,furniture,table,476,110,1,165002.12,10,25,table,1
0125171_neurosketch,27,furniture,table,476,111,1,165002.12,10,25,table,0
0125171_neurosketch,27,furniture,table,476,112,1,165002.12,10,25,table,0
0125171_neurosketch,27,furniture,bed,477,113,1,169502.5,10,10,bed,1
0125171_neurosketch,27,furniture,bed,477,114,1,169502.5,10,10,bed,0
0125171_neurosketch,27,furniture,bed,477,115,1,169502.5,10,10,bed,0
0125171_neurosketch,27,furniture,chair,478,116,0,174002.14,10,17,chair,1
0125171_neurosketch,27,furniture,chair,478,117,0,174002.14,10,17,chair,0
0125171_neurosketch,27,2,bench,479,118,0,177002.54,10,29,bench,1
0125171_neurosketch,27,2,bench,479,119,0,177002.54,10,29,bench,0
0125171_neurosketch,27,furniture,chair,480,120,0,180002.57,10,7,chair,1
0125171_neurosketch,27,furniture,chair,480,121,0,180002.57,10,7,chair,0
0125171_neurosketch,27,furniture,bench,481,122,0,183002.03,10,8,bench,1
0125171_neurosketch,27,furniture,bench,481,123,0,183002.03,10,8,bench,0
0125171_neurosketch,27,furniture,bench,481,124,0,183002.03,10,8,bench,0
0125171_neurosketch,27,furniture,bench,481,125,0,183002.03,10,8,bench,0
0125171_neurosketch,27,furniture,bed,482,126,1,189002.21,10,27,bed,1
0125171_neurosketch,27,furniture,bed,482,127,1,189002.21,10,27,bed,0
0125171_neurosketch,27,furniture,bed,482,128,1,189002.21,10,27,bed,0
0125171_neurosketch,27,furniture,table,483,129,1,193501.55,10,17,table,1
0125171_neurosketch,27,furniture,table,483,130,1,193501.55,10,17,table,0
0125171_neurosketch,27,furniture,table,483,131,1,193501.55,10,17,table,0
0125171_neurosketch,27,furniture,bed,484,132,1,198002.28,10,17,bed,1
0125171_neurosketch,27,furniture,bed,484,133,1,198002.28,10,17,bed,0
0125171_neurosketch,27,furniture,table,485,134,1,201002.38,10,20,,1
0125171_neurosketch,27,furniture,table,485,135,1,201002.38,10,20,,0
0125171_neurosketch,27,furniture,bench,486,136,0,204002.2,10,34,bench,1
0125171_neurosketch,27,furniture,bench,486,137,0,204002.2,10,34,bench,0
0125171_neurosketch,27,furniture,bench,486,138,0,204002.2,10,34,bench,0
0125171_neurosketch,27,furniture,chair,487,139,0,208501.34,10,16,chair,1
0125171_neurosketch,27,furniture,chair,487,140,0,208501.34,10,16,chair,0
0125171_neurosketch,27,furniture,bench,488,141,0,211501.59,10,1,bench,1
0125171_neurosketch,27,furniture,bench,488,142,0,211501.59,10,1,bench,0
0125171_neurosketch,27,furniture,bench,488,143,0,211501.59,10,1,bench,0
0125171_neurosketch,27,furniture,bench,488,144,0,211501.59,10,1,bench,0
0125171_neurosketch,27,2,table,489,145,1,217501.62,10,36,table,1
0125171_neurosketch,27,2,table,489,146,1,217501.62,10,36,table,0
0125171_neurosketch,27,2,table,489,147,1,217501.62,10,36,table,0
0125171_neurosketch,27,2,table,489,148,1,217501.62,10,36,table,0
0125171_neurosketch,27,furniture,bed,490,149,1,223501.18,10,18,bed,1
0125171_neurosketch,27,furniture,bed,490,150,1,223501.18,10,18,bed,0
0125171_neurosketch,27,furniture,bed,490,151,1,223501.18,10,18,bed,0
0125171_neurosketch,27,furniture,chair,491,152,0,228003.06,10,38,chair,1
0125171_neurosketch,27,furniture,chair,491,153,0,228003.06,10,38,chair,0
0125171_neurosketch,27,furniture,chair,491,154,0,228003.06,10,38,chair,0
0125171_neurosketch,27,furniture,chair,491,155,0,228003.06,10,38,chair,0
0125171_neurosketch,27,furniture,bench,492,156,0,234001.69,10,30,bench,1
0125171_neurosketch,27,furniture,bench,492,157,0,234001.69,10,30,bench,0
0125171_neurosketch,27,furniture,bench,492,158,0,234001.69,10,30,bench,0
0125171_neurosketch,27,furniture,bench,492,159,0,234001.69,10,30,bench,0
0125171_neurosketch,27,furniture,chair,493,160,0,240002.1,10,33,chair,1
0125171_neurosketch,27,furniture,chair,493,161,0,240002.1,10,33,chair,0
0125171_neurosketch,27,furniture,chair,493,162,0,240002.1,10,33,chair,0
0125171_neurosketch,27,furniture,table,494,163,1,244501.83,10,27,table,1
0125171_neurosketch,27,furniture,table,494,164,1,244501.83,10,27,table,0
0125171_neurosketch,27,furniture,bed,495,165,1,247501.7,10,26,bed,1
0125171_neurosketch,27,furniture,bed,495,166,1,247501.7,10,26,bed,0
0125171_neurosketch,27,furniture,bed,495,167,1,247501.7,10,26,bed,0
0125171_neurosketch,27,furniture,bench,496,168,0,252003.16,10,25,bench,1
0125171_neurosketch,27,furniture,bench,496,169,0,252003.16,10,25,bench,0
0125171_neurosketch,27,furniture,bench,496,170,0,252003.16,10,25,bench,0
0125171_neurosketch,27,furniture,table,497,171,1,256501.86,10,32,table,1
0125171_neurosketch,27,furniture,table,497,172,1,256501.86,10,32,table,0
0125171_neurosketch,27,furniture,bed,498,173,1,259501.76,10,11,table,1
0125171_neurosketch,27,furniture,bed,498,174,1,259501.76,10,11,table,0
0125171_neurosketch,27,furniture,bed,498,175,1,259501.76,10,11,table,0
0125171_neurosketch,27,furniture,bed,498,176,1,259501.76,10,11,table,0
0125171_neurosketch,27,2,chair,499,177,0,265502.06,10,9,bench,1
0125171_neurosketch,27,2,chair,499,178,0,265502.06,10,9,bench,0
0125171_neurosketch,27,2,chair,499,179,0,265502.06,10,9,bench,0
0125171_neurosketch,27,furniture,bed,500,180,1,270001.87,10,29,bed,1
0125171_neurosketch,27,furniture,bed,500,181,1,270001.87,10,29,bed,0
0125171_neurosketch,27,furniture,bench,501,182,0,273002.58,10,9,bench,1
0125171_neurosketch,27,furniture,bench,501,183,0,273002.58,10,9,bench,0
0125171_neurosketch,27,furniture,bench,501,184,0,273002.58,10,9,bench,0
0125171_neurosketch,27,furniture,table,502,185,1,277502.49,10,12,table,1
0125171_neurosketch,27,furniture,table,502,186,1,277502.49,10,12,table,0
0125171_neurosketch,27,furniture,chair,503,187,0,280502.1,10,26,chair,1
0125171_neurosketch,27,furniture,chair,503,188,0,280502.1,10,26,chair,0
0125171_neurosketch,27,furniture,chair,503,189,0,280502.1,10,26,chair,0
0125171_neurosketch,27,furniture,chair,504,190,0,285002.27,10,25,chair,1
0125171_neurosketch,27,furniture,chair,504,191,0,285002.27,10,25,chair,0
0125171_neurosketch,27,furniture,bench,505,192,0,288001.31,10,22,bench,1
0125171_neurosketch,27,furniture,bench,505,193,0,288001.31,10,22,bench,0
0125171_neurosketch,27,furniture,bench,505,194,0,288001.31,10,22,bench,0
0125171_neurosketch,27,furniture,bed,506,195,1,292502.5,10,20,bed,1
0125171_neurosketch,27,furniture,bed,506,196,1,292502.5,10,20,bed,0
0125171_neurosketch,27,furniture,table,507,197,1,295502.21,10,9,table,1
0125171_neurosketch,27,furniture,table,507,198,1,295502.21,10,9,table,0
0125171_neurosketch,27,furniture,table,507,199,1,295502.21,10,9,table,0
0125171_neurosketch,27,furniture,chair,508,200,0,300002.28,10,15,chair,1
0125171_neurosketch,27,furniture,chair,508,201,0,300002.28,10,15,chair,0
0125171_neurosketch,27,furniture,chair,508,202,0,300002.28,10,15,chair,0
0125171_neurosketch,27,2,table,509,203,1,304502.49,10,39,bed,1
0125171_neurosketch,27,2,table,509,204,1,304502.49,10,39,bed,0
0125171_neurosketch,27,furniture,bench,510,205,0,307500.96,10,17,bench,1
0125171_neurosketch,27,furniture,bench,510,206,0,307500.96,10,17,bench,0
0125171_neurosketch,27,furniture,bed,511,207,1,310500.95,10,0,bed,1
0125171_neurosketch,27,furniture,bed,511,208,1,310500.95,10,0,bed,0
0125171_neurosketch,27,furniture,chair,512,209,0,313501.98,10,20,chair,1
0125171_neurosketch,27,furniture,chair,512,210,0,313501.98,10,20,chair,0
0125171_neurosketch,27,furniture,chair,512,211,0,313501.98,10,20,chair,0
0125171_neurosketch,27,furniture,chair,512,212,0,313501.98,10,20,chair,0
0125171_neurosketch,27,furniture,bed,513,213,1,319501.82,10,6,bed,1
0125171_neurosketch,27,furniture,bed,513,214,1,319501.82,10,6,bed,0
0125171_neurosketch,27,furniture,bed,513,215,1,319501.82,10,6,bed,0
0125171_neurosketch,27,furniture,bench,514,216,0,324001.75,10,21,bench,1
0125171_neurosketch,27,furniture,bench,514,217,0,324001.75,10,21,bench,0
0125171_neurosketch,27,furniture,table,515,218,1,327001.79,10,18,table,1
0125171_neurosketch,27,furniture,table,515,219,1,327001.79,10,18,table,0
0125171_neurosketch,27,furniture,table,515,220,1,327001.79,10,18,table,0
0125171_neurosketch,27,furniture,table,515,221,1,327001.79,10,18,table,0
0125171_neurosketch,27,furniture,bench,516,222,0,333001.91,10,26,bench,1
0125171_neurosketch,27,furniture,bench,516,223,0,333001.91,10,26,bench,0
0125171_neurosketch,27,furniture,bench,516,224,0,333001.91,10,26,bench,0
0125171_neurosketch,27,furniture,bed,517,225,1,337501.66,10,37,bed,1
0125171_neurosketch,27,furniture,bed,517,226,1,337501.66,10,37,bed,0
0125171_neurosketch,27,furniture,bed,517,227,1,337501.66,10,37,bed,0
0125171_neurosketch,27,furniture,chair,518,228,0,342002.25,10,10,chair,1
0125171_neurosketch,27,furniture,chair,518,229,0,342002.25,10,10,chair,0
0125171_neurosketch,27,2,table,519,230,1,345001.81,10,22,table,1
0125171_neurosketch,27,2,table,519,231,1,345001.81,10,22,table,0
0125171_neurosketch,27,2,table,519,232,1,345001.81,10,22,table,0
0125171_neurosketch,27,2,table,519,233,1,345001.81,10,22,table,0
0125171_neurosketch,27,2,table,519,234,1,345001.81,10,22,table,0
0125171_neurosketch,27,2,table,519,235,1,345001.81,10,22,table,0
0125171_neurosketch,27,2,table,519,236,1,345001.81,10,22,table,0
0125171_neurosketch,27,2,table,519,237,1,345001.81,10,22,table,0
0125171_neurosketch,27,2,table,519,238,1,345001.81,10,22,table,0
0125171_neurosketch,27,2,table,519,239,1,345001.81,10,22,table,0
